month_start,calendar_year,calendar_month,eligible_contributing_station_count,represented_station_universe_count,station_contribution_ratio,included_country_count,represented_country_universe_count,eu27_target_country_count,represented_country_coverage_ratio,eu27_target_country_coverage_ratio,equal_weight_included_country_mean_anomaly_c
2021-01-01,2021,1,639,640,0.9984375,15,15,27,1.0,0.5555555555555556,-0.12108301101388899
2021-02-01,2021,2,637,640,0.9953125,15,15,27,1.0,0.5555555555555556,0.8287234495462642
2021-03-01,2021,3,639,640,0.9984375,15,15,27,1.0,0.5555555555555556,-0.057735355649802686
2021-04-01,2021,4,640,640,1.0,15,15,27,1.0,0.5555555555555556,-1.6485023570569257
2021-05-01,2021,5,640,640,1.0,15,15,27,1.0,0.5555555555555556,-1.2985852495539167
2021-06-01,2021,6,640,640,1.0,15,15,27,1.0,0.5555555555555556,1.725490973623284
2021-07-01,2021,7,637,640,0.9953125,15,15,27,1.0,0.5555555555555556,1.015504233363711
2021-08-01,2021,8,638,640,0.996875,15,15,27,1.0,0.5555555555555556,-0.5377606859468967
2021-09-01,2021,9,639,640,0.9984375,15,15,27,1.0,0.5555555555555556,0.5982081341066697
2021-10-01,2021,10,639,640,0.9984375,15,15,27,1.0,0.5555555555555556,0.04445989403399371
2021-11-01,2021,11,640,640,1.0,15,15,27,1.0,0.5555555555555556,0.18907071401677053
2021-12-01,2021,12,637,640,0.9953125,14,15,27,0.9333333333333333,0.5185185185185185,0.1366173035034441
2022-01-01,2022,1,636,640,0.99375,14,15,27,0.9333333333333333,0.5185185185185185,0.9525904472952352
2022-02-01,2022,2,636,640,0.99375,14,15,27,0.9333333333333333,0.5185185185185185,2.1335571595911866
2022-03-01,2022,3,638,640,0.996875,15,15,27,1.0,0.5555555555555556,0.1671709175462085
2022-04-01,2022,4,639,640,0.9984375,15,15,27,1.0,0.5555555555555556,-0.7710144366108859
2022-05-01,2022,5,638,640,0.996875,15,15,27,1.0,0.5555555555555556,1.1173073728282874
2022-06-01,2022,6,638,640,0.996875,15,15,27,1.0,0.5555555555555556,1.8305541902625586
2022-07-01,2022,7,637,640,0.9953125,15,15,27,1.0,0.5555555555555556,1.1076257866779555
2022-08-01,2022,8,637,640,0.9953125,15,15,27,1.0,0.5555555555555556,1.7532473622054374
2022-09-01,2022,9,638,640,0.996875,15,15,27,1.0,0.5555555555555556,-0.2984161693173678
2022-10-01,2022,10,639,640,0.9984375,15,15,27,1.0,0.5555555555555556,2.4121256823893225
2022-11-01,2022,11,638,640,0.996875,15,15,27,1.0,0.5555555555555556,1.4519779601592093
2022-12-01,2022,12,639,640,0.9984375,15,15,27,1.0,0.5555555555555556,0.6594934998601583
2023-01-01,2023,1,638,640,0.996875,15,15,27,1.0,0.5555555555555556,2.225852037813629
2023-02-01,2023,2,638,640,0.996875,14,15,27,0.9333333333333333,0.5185185185185185,1.5139779205907349
2023-03-01,2023,3,639,640,0.9984375,15,15,27,1.0,0.5555555555555556,0.725463717470863
2023-04-01,2023,4,640,640,1.0,15,15,27,1.0,0.5555555555555556,-0.5740843027607477
2023-05-01,2023,5,640,640,1.0,15,15,27,1.0,0.5555555555555556,0.12377581007523952
2023-06-01,2023,6,640,640,1.0,15,15,27,1.0,0.5555555555555556,1.41638389907671
2023-07-01,2023,7,638,640,0.996875,15,15,27,1.0,0.5555555555555556,0.6766547178118559
2023-08-01,2023,8,637,640,0.9953125,15,15,27,1.0,0.5555555555555556,0.8466197003199091
2023-09-01,2023,9,622,640,0.971875,15,15,27,1.0,0.5555555555555556,2.9844507141119894
2023-10-01,2023,10,633,640,0.9890625,14,15,27,0.9333333333333333,0.5185185185185185,1.8255478203610171
2023-11-01,2023,11,636,640,0.99375,14,15,27,0.9333333333333333,0.5185185185185185,0.34101753179041905
2023-12-01,2023,12,636,640,0.99375,14,15,27,0.9333333333333333,0.5185185185185185,1.1381297333108948
2024-01-01,2024,1,636,640,0.99375,13,15,27,0.8666666666666667,0.48148148148148145,-0.0010770241535561199
2024-02-01,2024,2,635,640,0.9921875,13,15,27,0.8666666666666667,0.48148148148148145,3.8133850276241725
2024-03-01,2024,3,634,640,0.990625,13,15,27,0.8666666666666667,0.48148148148148145,2.225264684590237
2024-04-01,2024,4,634,640,0.990625,13,15,27,0.8666666666666667,0.48148148148148145,0.9504827615264373
2024-05-01,2024,5,634,640,0.990625,13,15,27,0.8666666666666667,0.48148148148148145,1.3729936485753838
2024-06-01,2024,6,616,640,0.9625,13,15,27,0.8666666666666667,0.48148148148148145,1.1333641381747788
2024-07-01,2024,7,634,640,0.990625,13,15,27,0.8666666666666667,0.48148148148148145,1.1516082254078885
2024-08-01,2024,8,635,640,0.9921875,13,15,27,0.8666666666666667,0.48148148148148145,1.704959992583751
2024-09-01,2024,9,635,640,0.9921875,13,15,27,0.8666666666666667,0.48148148148148145,1.2740511963867003
2024-10-01,2024,10,632,640,0.9875,13,15,27,0.8666666666666667,0.48148148148148145,1.3016119502998271
2024-11-01,2024,11,630,640,0.984375,13,15,27,0.8666666666666667,0.48148148148148145,0.41474937436908504
2024-12-01,2024,12,634,640,0.990625,13,15,27,0.8666666666666667,0.48148148148148145,1.3637730800663233
2025-01-01,2025,1,637,640,0.9953125,15,15,27,1.0,0.5555555555555556,1.6420693966443356
2025-02-01,2025,2,639,640,0.9984375,15,15,27,1.0,0.5555555555555556,0.643441859525072
2025-03-01,2025,3,637,640,0.9953125,15,15,27,1.0,0.5555555555555556,1.9574963271749783
2025-04-01,2025,4,636,640,0.99375,15,15,27,1.0,0.5555555555555556,1.2785439166845523
2025-05-01,2025,5,638,640,0.996875,15,15,27,1.0,0.5555555555555556,-0.3659679212518233
2025-06-01,2025,6,634,640,0.990625,15,15,27,1.0,0.5555555555555556,1.940006321993267
2025-07-01,2025,7,635,640,0.9921875,15,15,27,1.0,0.5555555555555556,1.0364681203539485
2025-08-01,2025,8,633,640,0.9890625,15,15,27,1.0,0.5555555555555556,0.5211504283502019
2025-09-01,2025,9,633,640,0.9890625,14,15,27,0.9333333333333333,0.5185185185185185,1.2225160079715647
2025-10-01,2025,10,633,640,0.9890625,14,15,27,0.9333333333333333,0.5185185185185185,0.3143708909564861
2025-11-01,2025,11,630,640,0.984375,14,15,27,0.9333333333333333,0.5185185185185185,0.5565235294746743
2025-12-01,2025,12,628,640,0.98125,14,15,27,0.9333333333333333,0.5185185185185185,2.0022627706342275
