month_start,calendar_year,calendar_month,noaa_country_code,iso_alpha2,country_name,total_final_stations,eligible_contributing_stations,station_contribution_ratio,has_eligible_station_contribution,country_mean_temperature_anomaly_c
2021-01-01,2021,1,AU,AT,Austria,3,3,1.0,true,0.44766666666666666
2021-02-01,2021,2,AU,AT,Austria,3,3,1.0,true,1.3016666666666667
2021-03-01,2021,3,AU,AT,Austria,3,3,1.0,true,-0.547
2021-04-01,2021,4,AU,AT,Austria,3,3,1.0,true,-2.457666666666667
2021-05-01,2021,5,AU,AT,Austria,3,3,1.0,true,-2.1933333333333334
2021-06-01,2021,6,AU,AT,Austria,3,3,1.0,true,2.214
2021-07-01,2021,7,AU,AT,Austria,3,3,1.0,true,0.31533333333333335
2021-08-01,2021,8,AU,AT,Austria,3,3,1.0,true,-1.611
2021-09-01,2021,9,AU,AT,Austria,3,3,1.0,true,1.255
2021-10-01,2021,10,AU,AT,Austria,3,3,1.0,true,-0.43666666666666665
2021-11-01,2021,11,AU,AT,Austria,3,3,1.0,true,-0.5893333333333334
2021-12-01,2021,12,AU,AT,Austria,3,3,1.0,true,1.2316666666666667
2022-01-01,2022,1,AU,AT,Austria,3,0,0.0,false,
2022-02-01,2022,2,AU,AT,Austria,3,0,0.0,false,
2022-03-01,2022,3,AU,AT,Austria,3,2,0.6666666666666666,true,-0.065
2022-04-01,2022,4,AU,AT,Austria,3,2,0.6666666666666666,true,-1.616
2022-05-01,2022,5,AU,AT,Austria,3,1,0.3333333333333333,true,1.33
2022-06-01,2022,6,AU,AT,Austria,3,2,0.6666666666666666,true,2.0965
2022-07-01,2022,7,AU,AT,Austria,3,1,0.3333333333333333,true,0.922
2022-08-01,2022,8,AU,AT,Austria,3,2,0.6666666666666666,true,1.3745
2022-09-01,2022,9,AU,AT,Austria,3,3,1.0,true,-0.772
2022-10-01,2022,10,AU,AT,Austria,3,3,1.0,true,2.917666666666667
2022-11-01,2022,11,AU,AT,Austria,3,3,1.0,true,1.274
2022-12-01,2022,12,AU,AT,Austria,3,3,1.0,true,0.493
2023-01-01,2023,1,AU,AT,Austria,3,3,1.0,true,3.021333333333333
2023-02-01,2023,2,AU,AT,Austria,3,3,1.0,true,1.9343333333333332
2023-03-01,2023,3,AU,AT,Austria,3,3,1.0,true,1.56
2023-04-01,2023,4,AU,AT,Austria,3,3,1.0,true,-2.2983333333333333
2023-05-01,2023,5,AU,AT,Austria,3,3,1.0,true,-0.5603333333333333
2023-06-01,2023,6,AU,AT,Austria,3,3,1.0,true,0.878
2023-07-01,2023,7,AU,AT,Austria,3,3,1.0,true,1.7563333333333333
2023-08-01,2023,8,AU,AT,Austria,3,3,1.0,true,0.6036666666666667
2023-09-01,2023,9,AU,AT,Austria,3,3,1.0,true,3.5153333333333334
2023-10-01,2023,10,AU,AT,Austria,3,3,1.0,true,3.5773333333333333
2023-11-01,2023,11,AU,AT,Austria,3,3,1.0,true,1.172
2023-12-01,2023,12,AU,AT,Austria,3,3,1.0,true,2.752
2024-01-01,2024,1,AU,AT,Austria,3,3,1.0,true,1.2473333333333334
2024-02-01,2024,2,AU,AT,Austria,3,3,1.0,true,6.035
2024-03-01,2024,3,AU,AT,Austria,3,3,1.0,true,3.722
2024-04-01,2024,4,AU,AT,Austria,3,3,1.0,true,1.5356666666666667
2024-05-01,2024,5,AU,AT,Austria,3,3,1.0,true,1.3356666666666666
2024-06-01,2024,6,AU,AT,Austria,3,3,1.0,true,1.284
2024-07-01,2024,7,AU,AT,Austria,3,3,1.0,true,1.933
2024-08-01,2024,8,AU,AT,Austria,3,3,1.0,true,2.820666666666667
2024-09-01,2024,9,AU,AT,Austria,3,3,1.0,true,0.9706666666666667
2024-10-01,2024,10,AU,AT,Austria,3,3,1.0,true,1.8573333333333333
2024-11-01,2024,11,AU,AT,Austria,3,3,1.0,true,-0.4146666666666667
2024-12-01,2024,12,AU,AT,Austria,3,3,1.0,true,1.1766666666666667
2025-01-01,2025,1,AU,AT,Austria,3,3,1.0,true,1.233
2025-02-01,2025,2,AU,AT,Austria,3,3,1.0,true,0.248
2025-03-01,2025,3,AU,AT,Austria,3,3,1.0,true,1.483
2025-04-01,2025,4,AU,AT,Austria,3,3,1.0,true,1.5156666666666667
2025-05-01,2025,5,AU,AT,Austria,3,3,1.0,true,-1.4233333333333333
2025-06-01,2025,6,AU,AT,Austria,3,3,1.0,true,2.445333333333333
2025-07-01,2025,7,AU,AT,Austria,3,3,1.0,true,-0.262
2025-08-01,2025,8,AU,AT,Austria,3,3,1.0,true,0.22266666666666668
2025-09-01,2025,9,AU,AT,Austria,3,3,1.0,true,1.2933333333333332
2025-10-01,2025,10,AU,AT,Austria,3,3,1.0,true,-0.337
2025-11-01,2025,11,AU,AT,Austria,3,3,1.0,true,-0.9303333333333333
2025-12-01,2025,12,AU,AT,Austria,3,3,1.0,true,0.4553333333333333
2021-01-01,2021,1,BU,BG,Bulgaria,1,1,1.0,true,2.853
2021-02-01,2021,2,BU,BG,Bulgaria,1,1,1.0,true,2.549
2021-03-01,2021,3,BU,BG,Bulgaria,1,1,1.0,true,-1.606
2021-04-01,2021,4,BU,BG,Bulgaria,1,1,1.0,true,-1.18
2021-05-01,2021,5,BU,BG,Bulgaria,1,1,1.0,true,0.531
2021-06-01,2021,6,BU,BG,Bulgaria,1,1,1.0,true,-0.253
2021-07-01,2021,7,BU,BG,Bulgaria,1,1,1.0,true,1.774
2021-08-01,2021,8,BU,BG,Bulgaria,1,1,1.0,true,1.823
2021-09-01,2021,9,BU,BG,Bulgaria,1,1,1.0,true,0.003
2021-10-01,2021,10,BU,BG,Bulgaria,1,1,1.0,true,-2.399
2021-11-01,2021,11,BU,BG,Bulgaria,1,1,1.0,true,1.123
2021-12-01,2021,12,BU,BG,Bulgaria,1,1,1.0,true,2.091
2022-01-01,2022,1,BU,BG,Bulgaria,1,1,1.0,true,0.205
2022-02-01,2022,2,BU,BG,Bulgaria,1,1,1.0,true,1.435
2022-03-01,2022,3,BU,BG,Bulgaria,1,1,1.0,true,-3.177
2022-04-01,2022,4,BU,BG,Bulgaria,1,1,1.0,true,0.412
2022-05-01,2022,5,BU,BG,Bulgaria,1,1,1.0,true,0.298
2022-06-01,2022,6,BU,BG,Bulgaria,1,1,1.0,true,1.122
2022-07-01,2022,7,BU,BG,Bulgaria,1,1,1.0,true,1.132
2022-08-01,2022,8,BU,BG,Bulgaria,1,1,1.0,true,1.6
2022-09-01,2022,9,BU,BG,Bulgaria,1,1,1.0,true,0.631
2022-10-01,2022,10,BU,BG,Bulgaria,1,1,1.0,true,1.035
2022-11-01,2022,11,BU,BG,Bulgaria,1,1,1.0,true,2.69
2022-12-01,2022,12,BU,BG,Bulgaria,1,1,1.0,true,3.388
2023-01-01,2023,1,BU,BG,Bulgaria,1,1,1.0,true,3.69
2023-02-01,2023,2,BU,BG,Bulgaria,1,1,1.0,true,1.312
2023-03-01,2023,3,BU,BG,Bulgaria,1,1,1.0,true,1.502
2023-04-01,2023,4,BU,BG,Bulgaria,1,1,1.0,true,-0.769
2023-05-01,2023,5,BU,BG,Bulgaria,1,1,1.0,true,-1.145
2023-06-01,2023,6,BU,BG,Bulgaria,1,1,1.0,true,-0.127
2023-07-01,2023,7,BU,BG,Bulgaria,1,1,1.0,true,2.408
2023-08-01,2023,8,BU,BG,Bulgaria,1,1,1.0,true,2.118
2023-09-01,2023,9,BU,BG,Bulgaria,1,1,1.0,true,2.868
2023-10-01,2023,10,BU,BG,Bulgaria,1,1,1.0,true,3.628
2023-11-01,2023,11,BU,BG,Bulgaria,1,1,1.0,true,3.025
2023-12-01,2023,12,BU,BG,Bulgaria,1,1,1.0,true,3.092
2024-01-01,2024,1,BU,BG,Bulgaria,1,1,1.0,true,2.168
2024-02-01,2024,2,BU,BG,Bulgaria,1,1,1.0,true,5.183
2024-03-01,2024,3,BU,BG,Bulgaria,1,1,1.0,true,1.762
2024-04-01,2024,4,BU,BG,Bulgaria,1,1,1.0,true,3.291
2024-05-01,2024,5,BU,BG,Bulgaria,1,1,1.0,true,-0.543
2024-06-01,2024,6,BU,BG,Bulgaria,1,1,1.0,true,3.863
2024-07-01,2024,7,BU,BG,Bulgaria,1,1,1.0,true,3.174
2024-08-01,2024,8,BU,BG,Bulgaria,1,1,1.0,true,2.06
2024-09-01,2024,9,BU,BG,Bulgaria,1,1,1.0,true,2.081
2024-10-01,2024,10,BU,BG,Bulgaria,1,1,1.0,true,0.425
2024-11-01,2024,11,BU,BG,Bulgaria,1,1,1.0,true,-1.316
2024-12-01,2024,12,BU,BG,Bulgaria,1,1,1.0,true,2.148
2025-01-01,2025,1,BU,BG,Bulgaria,1,1,1.0,true,3.174
2025-02-01,2025,2,BU,BG,Bulgaria,1,1,1.0,true,-1.877
2025-03-01,2025,3,BU,BG,Bulgaria,1,1,1.0,true,3.016
2025-04-01,2025,4,BU,BG,Bulgaria,1,1,1.0,true,-0.118
2025-05-01,2025,5,BU,BG,Bulgaria,1,1,1.0,true,-0.319
2025-06-01,2025,6,BU,BG,Bulgaria,1,1,1.0,true,2.51
2025-07-01,2025,7,BU,BG,Bulgaria,1,1,1.0,true,3.495
2025-08-01,2025,8,BU,BG,Bulgaria,1,1,1.0,true,1.473
2025-09-01,2025,9,BU,BG,Bulgaria,1,0,0.0,false,
2025-10-01,2025,10,BU,BG,Bulgaria,1,0,0.0,false,
2025-11-01,2025,11,BU,BG,Bulgaria,1,0,0.0,false,
2025-12-01,2025,12,BU,BG,Bulgaria,1,0,0.0,false,
2021-01-01,2021,1,GM,DE,Germany,277,277,1.0,true,-0.29789891696750903
2021-02-01,2021,2,GM,DE,Germany,277,276,0.9963898916967509,true,0.4246702898550725
2021-03-01,2021,3,GM,DE,Germany,277,277,1.0,true,0.12293501805054152
2021-04-01,2021,4,GM,DE,Germany,277,277,1.0,true,-2.912361010830325
2021-05-01,2021,5,GM,DE,Germany,277,277,1.0,true,-2.341303249097473
2021-06-01,2021,6,GM,DE,Germany,277,277,1.0,true,2.5634512635379063
2021-07-01,2021,7,GM,DE,Germany,277,274,0.9891696750902527,true,-0.00818978102189781
2021-08-01,2021,8,GM,DE,Germany,277,276,0.9963898916967509,true,-1.5548659420289854
2021-09-01,2021,9,GM,DE,Germany,277,276,0.9963898916967509,true,1.2874384057971016
2021-10-01,2021,10,GM,DE,Germany,277,276,0.9963898916967509,true,0.08807246376811594
2021-11-01,2021,11,GM,DE,Germany,277,277,1.0,true,-0.10931046931407942
2021-12-01,2021,12,GM,DE,Germany,277,276,0.9963898916967509,true,0.778213768115942
2022-01-01,2022,1,GM,DE,Germany,277,277,1.0,true,1.7488953068592057
2022-02-01,2022,2,GM,DE,Germany,277,277,1.0,true,2.8137364620938627
2022-03-01,2022,3,GM,DE,Germany,277,277,1.0,true,0.5454440433212996
2022-04-01,2022,4,GM,DE,Germany,277,277,1.0,true,-1.301581227436823
2022-05-01,2022,5,GM,DE,Germany,277,277,1.0,true,1.337317689530686
2022-06-01,2022,6,GM,DE,Germany,277,277,1.0,true,1.89685559566787
2022-07-01,2022,7,GM,DE,Germany,277,277,1.0,true,0.7015776173285199
2022-08-01,2022,8,GM,DE,Germany,277,276,0.9963898916967509,true,2.0245615942028987
2022-09-01,2022,9,GM,DE,Germany,277,277,1.0,true,-0.45901805054151623
2022-10-01,2022,10,GM,DE,Germany,277,277,1.0,true,3.1459458483754514
2022-11-01,2022,11,GM,DE,Germany,277,277,1.0,true,1.5545270758122745
2022-12-01,2022,12,GM,DE,Germany,277,277,1.0,true,-0.012729241877256318
2023-01-01,2023,1,GM,DE,Germany,277,277,1.0,true,2.5433429602888085
2023-02-01,2023,2,GM,DE,Germany,277,277,1.0,true,1.6761516245487365
2023-03-01,2023,3,GM,DE,Germany,277,277,1.0,true,1.0471046931407941
2023-04-01,2023,4,GM,DE,Germany,277,277,1.0,true,-1.5034693140794224
2023-05-01,2023,5,GM,DE,Germany,277,277,1.0,true,-0.022805054151624548
2023-06-01,2023,6,GM,DE,Germany,277,277,1.0,true,2.053812274368231
2023-07-01,2023,7,GM,DE,Germany,277,276,0.9963898916967509,true,0.3724202898550725
2023-08-01,2023,8,GM,DE,Germany,277,275,0.9927797833935018,true,0.4343527272727273
2023-09-01,2023,9,GM,DE,Germany,277,272,0.9819494584837545,true,3.4704632352941176
2023-10-01,2023,10,GM,DE,Germany,277,273,0.9855595667870036,true,2.389216117216117
2023-11-01,2023,11,GM,DE,Germany,277,275,0.9927797833935018,true,0.6338145454545454
2023-12-01,2023,12,GM,DE,Germany,277,276,0.9963898916967509,true,2.1171847826086956
2024-01-01,2024,1,GM,DE,Germany,277,276,0.9963898916967509,true,0.6340036231884058
2024-02-01,2024,2,GM,DE,Germany,277,276,0.9963898916967509,true,4.993086956521739
2024-03-01,2024,3,GM,DE,Germany,277,274,0.9891696750902527,true,2.7695328467153284
2024-04-01,2024,4,GM,DE,Germany,277,274,0.9891696750902527,true,1.0846970802919709
2024-05-01,2024,5,GM,DE,Germany,277,275,0.9927797833935018,true,1.8875781818181818
2024-06-01,2024,6,GM,DE,Germany,277,275,0.9927797833935018,true,0.4536363636363636
2024-07-01,2024,7,GM,DE,Germany,277,276,0.9963898916967509,true,0.5028659420289855
2024-08-01,2024,8,GM,DE,Germany,277,277,1.0,true,1.8040974729241877
2024-09-01,2024,9,GM,DE,Germany,277,277,1.0,true,1.4465703971119133
2024-10-01,2024,10,GM,DE,Germany,277,276,0.9963898916967509,true,1.5345652173913042
2024-11-01,2024,11,GM,DE,Germany,277,276,0.9963898916967509,true,0.26280434782608697
2024-12-01,2024,12,GM,DE,Germany,277,277,1.0,true,1.074393501805054
2025-01-01,2025,1,GM,DE,Germany,277,277,1.0,true,1.3223393501805054
2025-02-01,2025,2,GM,DE,Germany,277,277,1.0,true,0.12188808664259927
2025-03-01,2025,3,GM,DE,Germany,277,276,0.9963898916967509,true,1.5538188405797102
2025-04-01,2025,4,GM,DE,Germany,277,276,0.9963898916967509,true,1.481481884057971
2025-05-01,2025,5,GM,DE,Germany,277,276,0.9963898916967509,true,-0.4509492753623188
2025-06-01,2025,6,GM,DE,Germany,277,274,0.9891696750902527,true,1.959624087591241
2025-07-01,2025,7,GM,DE,Germany,277,274,0.9891696750902527,true,0.11614233576642335
2025-08-01,2025,8,GM,DE,Germany,277,273,0.9855595667870036,true,0.014633699633699634
2025-09-01,2025,9,GM,DE,Germany,277,272,0.9819494584837545,true,0.5920919117647059
2025-10-01,2025,10,GM,DE,Germany,277,275,0.9927797833935018,true,0.1760509090909091
2025-11-01,2025,11,GM,DE,Germany,277,274,0.9891696750902527,true,0.15995255474452555
2025-12-01,2025,12,GM,DE,Germany,277,274,0.9891696750902527,true,1.3287883211678833
2021-01-01,2021,1,EN,EE,Estonia,15,15,1.0,true,0.20213333333333333
2021-02-01,2021,2,EN,EE,Estonia,15,15,1.0,true,-2.2567333333333335
2021-03-01,2021,3,EN,EE,Estonia,15,15,1.0,true,0.8245333333333333
2021-04-01,2021,4,EN,EE,Estonia,15,15,1.0,true,-0.2786666666666667
2021-05-01,2021,5,EN,EE,Estonia,15,15,1.0,true,-0.23166666666666666
2021-06-01,2021,6,EN,EE,Estonia,15,15,1.0,true,3.7623333333333333
2021-07-01,2021,7,EN,EE,Estonia,15,15,1.0,true,3.3212
2021-08-01,2021,8,EN,EE,Estonia,15,15,1.0,true,-0.7002
2021-09-01,2021,9,EN,EE,Estonia,15,15,1.0,true,-1.6438
2021-10-01,2021,10,EN,EE,Estonia,15,15,1.0,true,1.9430666666666667
2021-11-01,2021,11,EN,EE,Estonia,15,15,1.0,true,1.3636
2021-12-01,2021,12,EN,EE,Estonia,15,15,1.0,true,-3.696266666666667
2022-01-01,2022,1,EN,EE,Estonia,15,15,1.0,true,1.3170666666666666
2022-02-01,2022,2,EN,EE,Estonia,15,15,1.0,true,3.5361333333333334
2022-03-01,2022,3,EN,EE,Estonia,15,15,1.0,true,1.1258
2022-04-01,2022,4,EN,EE,Estonia,15,15,1.0,true,-1.206
2022-05-01,2022,5,EN,EE,Estonia,15,15,1.0,true,-0.9313333333333333
2022-06-01,2022,6,EN,EE,Estonia,15,15,1.0,true,1.8620666666666668
2022-07-01,2022,7,EN,EE,Estonia,15,15,1.0,true,0.15586666666666665
2022-08-01,2022,8,EN,EE,Estonia,15,15,1.0,true,2.9276
2022-09-01,2022,9,EN,EE,Estonia,15,15,1.0,true,-2.1812666666666667
2022-10-01,2022,10,EN,EE,Estonia,15,15,1.0,true,2.0968666666666667
2022-11-01,2022,11,EN,EE,Estonia,15,15,1.0,true,0.4776666666666667
2022-12-01,2022,12,EN,EE,Estonia,15,15,1.0,true,-1.8972
2023-01-01,2023,1,EN,EE,Estonia,15,15,1.0,true,2.0309333333333335
2023-02-01,2023,2,EN,EE,Estonia,15,15,1.0,true,2.405133333333333
2023-03-01,2023,3,EN,EE,Estonia,15,15,1.0,true,0.9660666666666666
2023-04-01,2023,4,EN,EE,Estonia,15,15,1.0,true,1.4044
2023-05-01,2023,5,EN,EE,Estonia,15,15,1.0,true,-0.24086666666666667
2023-06-01,2023,6,EN,EE,Estonia,15,15,1.0,true,1.1854
2023-07-01,2023,7,EN,EE,Estonia,15,15,1.0,true,-1.1762
2023-08-01,2023,8,EN,EE,Estonia,15,15,1.0,true,1.5651333333333333
2023-09-01,2023,9,EN,EE,Estonia,15,3,0.2,true,3.5963333333333334
2023-10-01,2023,10,EN,EE,Estonia,15,15,1.0,true,-0.642
2023-11-01,2023,11,EN,EE,Estonia,15,15,1.0,true,-0.8798666666666667
2023-12-01,2023,12,EN,EE,Estonia,15,15,1.0,true,-1.7368
2024-01-01,2024,1,EN,EE,Estonia,15,15,1.0,true,-3.424
2024-02-01,2024,2,EN,EE,Estonia,15,15,1.0,true,2.5974666666666666
2024-03-01,2024,3,EN,EE,Estonia,15,15,1.0,true,3.0982
2024-04-01,2024,4,EN,EE,Estonia,15,15,1.0,true,0.6626666666666666
2024-05-01,2024,5,EN,EE,Estonia,15,15,1.0,true,2.9374
2024-06-01,2024,6,EN,EE,Estonia,15,15,1.0,true,1.9302666666666666
2024-07-01,2024,7,EN,EE,Estonia,15,15,1.0,true,1.3510666666666666
2024-08-01,2024,8,EN,EE,Estonia,15,15,1.0,true,1.1143333333333334
2024-09-01,2024,9,EN,EE,Estonia,15,15,1.0,true,3.7976666666666667
2024-10-01,2024,10,EN,EE,Estonia,15,15,1.0,true,1.9594
2024-11-01,2024,11,EN,EE,Estonia,15,15,1.0,true,2.4802666666666666
2024-12-01,2024,12,EN,EE,Estonia,15,15,1.0,true,2.479
2025-01-01,2025,1,EN,EE,Estonia,15,15,1.0,true,3.9547333333333334
2025-02-01,2025,2,EN,EE,Estonia,15,15,1.0,true,1.0584666666666667
2025-03-01,2025,3,EN,EE,Estonia,15,15,1.0,true,3.8642666666666665
2025-04-01,2025,4,EN,EE,Estonia,15,15,1.0,true,1.3340666666666667
2025-05-01,2025,5,EN,EE,Estonia,15,15,1.0,true,-1.1371333333333333
2025-06-01,2025,6,EN,EE,Estonia,15,15,1.0,true,-0.6626666666666666
2025-07-01,2025,7,EN,EE,Estonia,15,15,1.0,true,1.8558
2025-08-01,2025,8,EN,EE,Estonia,15,15,1.0,true,-0.9356666666666666
2025-09-01,2025,9,EN,EE,Estonia,15,15,1.0,true,2.5326
2025-10-01,2025,10,EN,EE,Estonia,15,15,1.0,true,0.8727333333333334
2025-11-01,2025,11,EN,EE,Estonia,15,15,1.0,true,2.0285333333333333
2025-12-01,2025,12,EN,EE,Estonia,15,15,1.0,true,3.3056666666666668
2021-01-01,2021,1,SP,ES,Spain,83,83,1.0,true,-0.8104096385542169
2021-02-01,2021,2,SP,ES,Spain,83,82,0.9879518072289156,true,2.096878048780488
2021-03-01,2021,3,SP,ES,Spain,83,83,1.0,true,0.026879518072289155
2021-04-01,2021,4,SP,ES,Spain,83,83,1.0,true,0.14509638554216867
2021-05-01,2021,5,SP,ES,Spain,83,83,1.0,true,0.08990361445783132
2021-06-01,2021,6,SP,ES,Spain,83,83,1.0,true,-0.004783132530120482
2021-07-01,2021,7,SP,ES,Spain,83,83,1.0,true,-0.1250120481927711
2021-08-01,2021,8,SP,ES,Spain,83,83,1.0,true,0.3998313253012048
2021-09-01,2021,9,SP,ES,Spain,83,83,1.0,true,0.7230722891566265
2021-10-01,2021,10,SP,ES,Spain,83,83,1.0,true,0.5651807228915663
2021-11-01,2021,11,SP,ES,Spain,83,83,1.0,true,-1.0927590361445783
2021-12-01,2021,12,SP,ES,Spain,83,83,1.0,true,1.3903132530120481
2022-01-01,2022,1,SP,ES,Spain,83,83,1.0,true,0.0463855421686747
2022-02-01,2022,2,SP,ES,Spain,83,83,1.0,true,1.347566265060241
2022-03-01,2022,3,SP,ES,Spain,83,83,1.0,true,-0.35104819277108434
2022-04-01,2022,4,SP,ES,Spain,83,83,1.0,true,-0.5496024096385542
2022-05-01,2022,5,SP,ES,Spain,83,83,1.0,true,2.110012048192771
2022-06-01,2022,6,SP,ES,Spain,83,83,1.0,true,1.6125542168674698
2022-07-01,2022,7,SP,ES,Spain,83,83,1.0,true,2.273277108433735
2022-08-01,2022,8,SP,ES,Spain,83,83,1.0,true,1.5777469879518071
2022-09-01,2022,9,SP,ES,Spain,83,82,0.9879518072289156,true,0.7994756097560975
2022-10-01,2022,10,SP,ES,Spain,83,82,0.9879518072289156,true,2.6465
2022-11-01,2022,11,SP,ES,Spain,83,82,0.9879518072289156,true,1.7700731707317072
2022-12-01,2022,12,SP,ES,Spain,83,83,1.0,true,2.406048192771084
2023-01-01,2023,1,SP,ES,Spain,83,83,1.0,true,-0.04778313253012048
2023-02-01,2023,2,SP,ES,Spain,83,83,1.0,true,-0.5417951807228916
2023-03-01,2023,3,SP,ES,Spain,83,83,1.0,true,1.7055180722891565
2023-04-01,2023,4,SP,ES,Spain,83,83,1.0,true,2.432807228915663
2023-05-01,2023,5,SP,ES,Spain,83,83,1.0,true,0.6702168674698795
2023-06-01,2023,6,SP,ES,Spain,83,83,1.0,true,1.4046867469879518
2023-07-01,2023,7,SP,ES,Spain,83,83,1.0,true,1.4842048192771085
2023-08-01,2023,8,SP,ES,Spain,83,83,1.0,true,1.7003855421686747
2023-09-01,2023,9,SP,ES,Spain,83,83,1.0,true,1.0135542168674698
2023-10-01,2023,10,SP,ES,Spain,83,82,0.9879518072289156,true,2.424512195121951
2023-11-01,2023,11,SP,ES,Spain,83,83,1.0,true,1.8315903614457831
2023-12-01,2023,12,SP,ES,Spain,83,83,1.0,true,0.512289156626506
2024-01-01,2024,1,SP,ES,Spain,83,83,1.0,true,2.007421686746988
2024-02-01,2024,2,SP,ES,Spain,83,83,1.0,true,2.346734939759036
2024-03-01,2024,3,SP,ES,Spain,83,83,1.0,true,0.701578313253012
2024-04-01,2024,4,SP,ES,Spain,83,83,1.0,true,1.2090481927710843
2024-05-01,2024,5,SP,ES,Spain,83,82,0.9879518072289156,true,0.23662195121951218
2024-06-01,2024,6,SP,ES,Spain,83,82,0.9879518072289156,true,0.07501219512195122
2024-07-01,2024,7,SP,ES,Spain,83,82,0.9879518072289156,true,1.2145853658536585
2024-08-01,2024,8,SP,ES,Spain,83,82,0.9879518072289156,true,1.676
2024-09-01,2024,9,SP,ES,Spain,83,82,0.9879518072289156,true,-0.3840731707317073
2024-10-01,2024,10,SP,ES,Spain,83,82,0.9879518072289156,true,0.8821219512195122
2024-11-01,2024,11,SP,ES,Spain,83,82,0.9879518072289156,true,2.536182926829268
2024-12-01,2024,12,SP,ES,Spain,83,82,0.9879518072289156,true,0.45771951219512197
2025-01-01,2025,1,SP,ES,Spain,83,82,0.9879518072289156,true,1.2578536585365854
2025-02-01,2025,2,SP,ES,Spain,83,83,1.0,true,1.293144578313253
2025-03-01,2025,3,SP,ES,Spain,83,82,0.9879518072289156,true,-0.3771951219512195
2025-04-01,2025,4,SP,ES,Spain,83,82,0.9879518072289156,true,1.1837560975609756
2025-05-01,2025,5,SP,ES,Spain,83,82,0.9879518072289156,true,0.6580243902439025
2025-06-01,2025,6,SP,ES,Spain,83,82,0.9879518072289156,true,3.1487560975609754
2025-07-01,2025,7,SP,ES,Spain,83,81,0.9759036144578314,true,1.0536172839506173
2025-08-01,2025,8,SP,ES,Spain,83,82,0.9879518072289156,true,1.7591341463414634
2025-09-01,2025,9,SP,ES,Spain,83,82,0.9879518072289156,true,0.6305
2025-10-01,2025,10,SP,ES,Spain,83,81,0.9759036144578314,true,1.6498765432098765
2025-11-01,2025,11,SP,ES,Spain,83,81,0.9759036144578314,true,0.5029876543209877
2025-12-01,2025,12,SP,ES,Spain,83,81,0.9759036144578314,true,0.3738395061728395
2021-01-01,2021,1,FI,FI,Finland,65,65,1.0,true,-0.30953846153846154
2021-02-01,2021,2,FI,FI,Finland,65,65,1.0,true,-2.9915230769230767
2021-03-01,2021,3,FI,FI,Finland,65,65,1.0,true,0.8848615384615385
2021-04-01,2021,4,FI,FI,Finland,65,65,1.0,true,0.6251538461538462
2021-05-01,2021,5,FI,FI,Finland,65,65,1.0,true,-0.16192307692307692
2021-06-01,2021,6,FI,FI,Finland,65,65,1.0,true,3.615876923076923
2021-07-01,2021,7,FI,FI,Finland,65,65,1.0,true,2.2737846153846153
2021-08-01,2021,8,FI,FI,Finland,65,65,1.0,true,-0.5974769230769231
2021-09-01,2021,9,FI,FI,Finland,65,65,1.0,true,-1.7390923076923077
2021-10-01,2021,10,FI,FI,Finland,65,65,1.0,true,1.9387846153846153
2021-11-01,2021,11,FI,FI,Finland,65,65,1.0,true,-0.34933846153846154
2021-12-01,2021,12,FI,FI,Finland,65,65,1.0,true,-4.129953846153846
2022-01-01,2022,1,FI,FI,Finland,65,65,1.0,true,0.8970461538461538
2022-02-01,2022,2,FI,FI,Finland,65,65,1.0,true,2.099107692307692
2022-03-01,2022,3,FI,FI,Finland,65,65,1.0,true,2.1689846153846153
2022-04-01,2022,4,FI,FI,Finland,65,65,1.0,true,-0.6734307692307693
2022-05-01,2022,5,FI,FI,Finland,65,65,1.0,true,-0.12407692307692307
2022-06-01,2022,6,FI,FI,Finland,65,65,1.0,true,1.8358769230769232
2022-07-01,2022,7,FI,FI,Finland,65,65,1.0,true,0.6132923076923077
2022-08-01,2022,8,FI,FI,Finland,65,65,1.0,true,2.1214769230769233
2022-09-01,2022,9,FI,FI,Finland,65,65,1.0,true,-1.2829692307692309
2022-10-01,2022,10,FI,FI,Finland,65,65,1.0,true,1.8853384615384616
2022-11-01,2022,11,FI,FI,Finland,65,65,1.0,true,0.8066
2022-12-01,2022,12,FI,FI,Finland,65,65,1.0,true,-0.9957692307692307
2023-01-01,2023,1,FI,FI,Finland,65,65,1.0,true,3.5569076923076923
2023-02-01,2023,2,FI,FI,Finland,65,65,1.0,true,2.615
2023-03-01,2023,3,FI,FI,Finland,65,65,1.0,true,-1.7594
2023-04-01,2023,4,FI,FI,Finland,65,65,1.0,true,0.41946153846153844
2023-05-01,2023,5,FI,FI,Finland,65,65,1.0,true,1.0279076923076924
2023-06-01,2023,6,FI,FI,Finland,65,65,1.0,true,1.1575076923076923
2023-07-01,2023,7,FI,FI,Finland,65,65,1.0,true,-0.8093230769230769
2023-08-01,2023,8,FI,FI,Finland,65,65,1.0,true,1.5581076923076924
2023-09-01,2023,9,FI,FI,Finland,65,65,1.0,true,3.1697384615384614
2023-10-01,2023,10,FI,FI,Finland,65,65,1.0,true,-2.037523076923077
2023-11-01,2023,11,FI,FI,Finland,65,65,1.0,true,-3.015953846153846
2023-12-01,2023,12,FI,FI,Finland,65,65,1.0,true,-3.077723076923077
2024-01-01,2024,1,FI,FI,Finland,65,65,1.0,true,-4.439153846153846
2024-02-01,2024,2,FI,FI,Finland,65,65,1.0,true,0.9334307692307693
2024-03-01,2024,3,FI,FI,Finland,65,65,1.0,true,2.2024461538461537
2024-04-01,2024,4,FI,FI,Finland,65,65,1.0,true,-1.1601230769230768
2024-05-01,2024,5,FI,FI,Finland,65,65,1.0,true,2.5760615384615386
2024-06-01,2024,6,FI,FI,Finland,65,65,1.0,true,2.437476923076923
2024-07-01,2024,7,FI,FI,Finland,65,65,1.0,true,1.2799538461538462
2024-08-01,2024,8,FI,FI,Finland,65,65,1.0,true,1.775923076923077
2024-09-01,2024,9,FI,FI,Finland,65,65,1.0,true,3.165984615384615
2024-10-01,2024,10,FI,FI,Finland,65,65,1.0,true,1.8852615384615385
2024-11-01,2024,11,FI,FI,Finland,65,65,1.0,true,1.4539384615384616
2024-12-01,2024,12,FI,FI,Finland,65,65,1.0,true,0.8870461538461538
2025-01-01,2025,1,FI,FI,Finland,65,65,1.0,true,2.043230769230769
2025-02-01,2025,2,FI,FI,Finland,65,65,1.0,true,3.233246153846154
2025-03-01,2025,3,FI,FI,Finland,65,65,1.0,true,3.041123076923077
2025-04-01,2025,4,FI,FI,Finland,65,65,1.0,true,0.9673076923076923
2025-05-01,2025,5,FI,FI,Finland,65,65,1.0,true,-0.2642769230769231
2025-06-01,2025,6,FI,FI,Finland,65,65,1.0,true,-0.4944
2025-07-01,2025,7,FI,FI,Finland,65,65,1.0,true,2.248046153846154
2025-08-01,2025,8,FI,FI,Finland,65,65,1.0,true,-0.12693846153846153
2025-09-01,2025,9,FI,FI,Finland,65,65,1.0,true,2.8926615384615384
2025-10-01,2025,10,FI,FI,Finland,65,65,1.0,true,2.1695846153846152
2025-11-01,2025,11,FI,FI,Finland,65,65,1.0,true,1.1414
2025-12-01,2025,12,FI,FI,Finland,65,65,1.0,true,2.7733076923076925
2021-01-01,2021,1,FR,FR,France,40,40,1.0,true,-0.6684
2021-02-01,2021,2,FR,FR,France,40,40,1.0,true,2.206275
2021-03-01,2021,3,FR,FR,France,40,40,1.0,true,-0.052575
2021-04-01,2021,4,FR,FR,France,40,40,1.0,true,-1.255525
2021-05-01,2021,5,FR,FR,France,40,40,1.0,true,-1.467
2021-06-01,2021,6,FR,FR,France,40,40,1.0,true,1.273725
2021-07-01,2021,7,FR,FR,France,40,40,1.0,true,-0.309325
2021-08-01,2021,8,FR,FR,France,40,40,1.0,true,-0.9168
2021-09-01,2021,9,FR,FR,France,40,40,1.0,true,1.725025
2021-10-01,2021,10,FR,FR,France,40,40,1.0,true,-0.170975
2021-11-01,2021,11,FR,FR,France,40,40,1.0,true,-0.9466
2021-12-01,2021,12,FR,FR,France,40,40,1.0,true,0.985125
2022-01-01,2022,1,FR,FR,France,40,40,1.0,true,-0.38805
2022-02-01,2022,2,FR,FR,France,40,40,1.0,true,2.005925
2022-03-01,2022,3,FR,FR,France,40,40,1.0,true,0.883625
2022-04-01,2022,4,FR,FR,France,40,40,1.0,true,0.227975
2022-05-01,2022,5,FR,FR,France,40,40,1.0,true,2.2978
2022-06-01,2022,6,FR,FR,France,40,40,1.0,true,2.2428
2022-07-01,2022,7,FR,FR,France,40,40,1.0,true,2.101325
2022-08-01,2022,8,FR,FR,France,40,40,1.0,true,2.568975
2022-09-01,2022,9,FR,FR,France,40,40,1.0,true,0.749075
2022-10-01,2022,10,FR,FR,France,40,40,1.0,true,3.379575
2022-11-01,2022,11,FR,FR,France,40,40,1.0,true,1.928125
2022-12-01,2022,12,FR,FR,France,40,40,1.0,true,0.613675
2023-01-01,2023,1,FR,FR,France,40,40,1.0,true,0.729125
2023-02-01,2023,2,FR,FR,France,40,40,1.0,true,0.75435
2023-03-01,2023,3,FR,FR,France,40,40,1.0,true,1.1272
2023-04-01,2023,4,FR,FR,France,40,40,1.0,true,0.142975
2023-05-01,2023,5,FR,FR,France,40,40,1.0,true,0.743975
2023-06-01,2023,6,FR,FR,France,40,40,1.0,true,2.492825
2023-07-01,2023,7,FR,FR,France,40,40,1.0,true,0.85025
2023-08-01,2023,8,FR,FR,France,40,40,1.0,true,0.8781
2023-09-01,2023,9,FR,FR,France,40,40,1.0,true,3.479525
2023-10-01,2023,10,FR,FR,France,40,40,1.0,true,2.696825
2023-11-01,2023,11,FR,FR,France,40,40,1.0,true,1.071675
2023-12-01,2023,12,FR,FR,France,40,40,1.0,true,2.023625
2024-01-01,2024,1,FR,FR,France,40,40,1.0,true,0.828525
2024-02-01,2024,2,FR,FR,France,40,40,1.0,true,3.30505
2024-03-01,2024,3,FR,FR,France,40,40,1.0,true,1.546325
2024-04-01,2024,4,FR,FR,France,40,40,1.0,true,0.75645
2024-05-01,2024,5,FR,FR,France,40,40,1.0,true,0.244775
2024-06-01,2024,6,FR,FR,France,40,40,1.0,true,-0.00125
2024-07-01,2024,7,FR,FR,France,40,40,1.0,true,0.68055
2024-08-01,2024,8,FR,FR,France,40,40,1.0,true,1.438575
2024-09-01,2024,9,FR,FR,France,40,40,1.0,true,-0.37215
2024-10-01,2024,10,FR,FR,France,40,40,1.0,true,1.45825
2024-11-01,2024,11,FR,FR,France,40,40,1.0,true,1.170625
2024-12-01,2024,12,FR,FR,France,40,40,1.0,true,0.497325
2025-01-01,2025,1,FR,FR,France,40,40,1.0,true,0.4458
2025-02-01,2025,2,FR,FR,France,40,40,1.0,true,1.173275
2025-03-01,2025,3,FR,FR,France,40,40,1.0,true,0.692525
2025-04-01,2025,4,FR,FR,France,40,40,1.0,true,1.7973
2025-05-01,2025,5,FR,FR,France,40,40,1.0,true,0.936825
2025-06-01,2025,6,FR,FR,France,40,40,1.0,true,3.231225
2025-07-01,2025,7,FR,FR,France,40,40,1.0,true,0.9573
2025-08-01,2025,8,FR,FR,France,40,40,1.0,true,1.441825
2025-09-01,2025,9,FR,FR,France,40,40,1.0,true,-0.037825
2025-10-01,2025,10,FR,FR,France,40,40,1.0,true,0.318075
2025-11-01,2025,11,FR,FR,France,40,40,1.0,true,0.8909
2025-12-01,2025,12,FR,FR,France,40,40,1.0,true,1.479325
2021-01-01,2021,1,HR,HR,Croatia,1,1,1.0,true,-0.618
2021-02-01,2021,2,HR,HR,Croatia,1,1,1.0,true,1.597
2021-03-01,2021,3,HR,HR,Croatia,1,1,1.0,true,-0.88
2021-04-01,2021,4,HR,HR,Croatia,1,1,1.0,true,-2.042
2021-05-01,2021,5,HR,HR,Croatia,1,1,1.0,true,-0.887
2021-06-01,2021,6,HR,HR,Croatia,1,1,1.0,true,1.709
2021-07-01,2021,7,HR,HR,Croatia,1,1,1.0,true,1.781
2021-08-01,2021,8,HR,HR,Croatia,1,1,1.0,true,0.592
2021-09-01,2021,9,HR,HR,Croatia,1,1,1.0,true,1.25
2021-10-01,2021,10,HR,HR,Croatia,1,1,1.0,true,-1.074
2021-11-01,2021,11,HR,HR,Croatia,1,1,1.0,true,1.26
2021-12-01,2021,12,HR,HR,Croatia,1,1,1.0,true,0.375
2022-01-01,2022,1,HR,HR,Croatia,1,1,1.0,true,0.392
2022-02-01,2022,2,HR,HR,Croatia,1,1,1.0,true,1.481
2022-03-01,2022,3,HR,HR,Croatia,1,1,1.0,true,-0.949
2022-04-01,2022,4,HR,HR,Croatia,1,1,1.0,true,-1.082
2022-05-01,2022,5,HR,HR,Croatia,1,1,1.0,true,1.888
2022-06-01,2022,6,HR,HR,Croatia,1,1,1.0,true,3.139
2022-07-01,2022,7,HR,HR,Croatia,1,1,1.0,true,1.837
2022-08-01,2022,8,HR,HR,Croatia,1,1,1.0,true,0.758
2022-09-01,2022,9,HR,HR,Croatia,1,1,1.0,true,0.116
2022-10-01,2022,10,HR,HR,Croatia,1,1,1.0,true,2.592
2022-11-01,2022,11,HR,HR,Croatia,1,1,1.0,true,1.408
2022-12-01,2022,12,HR,HR,Croatia,1,1,1.0,true,2.547
2023-01-01,2023,1,HR,HR,Croatia,1,1,1.0,true,1.556
2023-02-01,2023,2,HR,HR,Croatia,1,1,1.0,true,0.202
2023-03-01,2023,3,HR,HR,Croatia,1,1,1.0,true,0.943
2023-04-01,2023,4,HR,HR,Croatia,1,1,1.0,true,-0.836
2023-05-01,2023,5,HR,HR,Croatia,1,1,1.0,true,0.39
2023-06-01,2023,6,HR,HR,Croatia,1,1,1.0,true,0.107
2023-07-01,2023,7,HR,HR,Croatia,1,1,1.0,true,1.843
2023-08-01,2023,8,HR,HR,Croatia,1,1,1.0,true,0.44
2023-09-01,2023,9,HR,HR,Croatia,1,1,1.0,true,2.868
2023-10-01,2023,10,HR,HR,Croatia,1,1,1.0,true,3.204
2023-11-01,2023,11,HR,HR,Croatia,1,1,1.0,true,0.506
2023-12-01,2023,12,HR,HR,Croatia,1,1,1.0,true,1.933
2024-01-01,2024,1,HR,HR,Croatia,1,0,0.0,false,
2024-02-01,2024,2,HR,HR,Croatia,1,0,0.0,false,
2024-03-01,2024,3,HR,HR,Croatia,1,0,0.0,false,
2024-04-01,2024,4,HR,HR,Croatia,1,0,0.0,false,
2024-05-01,2024,5,HR,HR,Croatia,1,0,0.0,false,
2024-06-01,2024,6,HR,HR,Croatia,1,0,0.0,false,
2024-07-01,2024,7,HR,HR,Croatia,1,0,0.0,false,
2024-08-01,2024,8,HR,HR,Croatia,1,0,0.0,false,
2024-09-01,2024,9,HR,HR,Croatia,1,0,0.0,false,
2024-10-01,2024,10,HR,HR,Croatia,1,0,0.0,false,
2024-11-01,2024,11,HR,HR,Croatia,1,0,0.0,false,
2024-12-01,2024,12,HR,HR,Croatia,1,0,0.0,false,
2025-01-01,2025,1,HR,HR,Croatia,1,1,1.0,true,2.213
2025-02-01,2025,2,HR,HR,Croatia,1,1,1.0,true,1.253
2025-03-01,2025,3,HR,HR,Croatia,1,1,1.0,true,1.531
2025-04-01,2025,4,HR,HR,Croatia,1,1,1.0,true,1.213
2025-05-01,2025,5,HR,HR,Croatia,1,1,1.0,true,-0.254
2025-06-01,2025,6,HR,HR,Croatia,1,1,1.0,true,3.335
2025-07-01,2025,7,HR,HR,Croatia,1,1,1.0,true,0.527
2025-08-01,2025,8,HR,HR,Croatia,1,1,1.0,true,0.234
2025-09-01,2025,9,HR,HR,Croatia,1,1,1.0,true,1.761
2025-10-01,2025,10,HR,HR,Croatia,1,1,1.0,true,-0.985
2025-11-01,2025,11,HR,HR,Croatia,1,1,1.0,true,0.078
2025-12-01,2025,12,HR,HR,Croatia,1,1,1.0,true,1.923
2021-01-01,2021,1,HU,HU,Hungary,2,2,1.0,true,2.0235
2021-02-01,2021,2,HU,HU,Hungary,2,2,1.0,true,1.182
2021-03-01,2021,3,HU,HU,Hungary,2,2,1.0,true,-0.254
2021-04-01,2021,4,HU,HU,Hungary,2,2,1.0,true,-2.6785
2021-05-01,2021,5,HU,HU,Hungary,2,2,1.0,true,-2.132
2021-06-01,2021,6,HU,HU,Hungary,2,2,1.0,true,2.076
2021-07-01,2021,7,HU,HU,Hungary,2,2,1.0,true,1.737
2021-08-01,2021,8,HU,HU,Hungary,2,2,1.0,true,-0.9475
2021-09-01,2021,9,HU,HU,Hungary,2,2,1.0,true,0.6425
2021-10-01,2021,10,HU,HU,Hungary,2,2,1.0,true,-0.742
2021-11-01,2021,11,HU,HU,Hungary,2,2,1.0,true,-0.3445
2021-12-01,2021,12,HU,HU,Hungary,2,2,1.0,true,1.0955
2022-01-01,2022,1,HU,HU,Hungary,2,2,1.0,true,1.6125
2022-02-01,2022,2,HU,HU,Hungary,2,2,1.0,true,2.907
2022-03-01,2022,3,HU,HU,Hungary,2,2,1.0,true,-0.7805
2022-04-01,2022,4,HU,HU,Hungary,2,2,1.0,true,-1.936
2022-05-01,2022,5,HU,HU,Hungary,2,2,1.0,true,1.6
2022-06-01,2022,6,HU,HU,Hungary,2,2,1.0,true,2.135
2022-07-01,2022,7,HU,HU,Hungary,2,2,1.0,true,1.286
2022-08-01,2022,8,HU,HU,Hungary,2,2,1.0,true,1.847
2022-09-01,2022,9,HU,HU,Hungary,2,2,1.0,true,-0.687
2022-10-01,2022,10,HU,HU,Hungary,2,2,1.0,true,1.689
2022-11-01,2022,11,HU,HU,Hungary,2,2,1.0,true,0.8575
2022-12-01,2022,12,HU,HU,Hungary,2,2,1.0,true,1.372
2023-01-01,2023,1,HU,HU,Hungary,2,2,1.0,true,3.667
2023-02-01,2023,2,HU,HU,Hungary,2,2,1.0,true,1.7785
2023-03-01,2023,3,HU,HU,Hungary,2,2,1.0,true,1.7405
2023-04-01,2023,4,HU,HU,Hungary,2,2,1.0,true,-1.9485
2023-05-01,2023,5,HU,HU,Hungary,2,2,1.0,true,-0.3125
2023-06-01,2023,6,HU,HU,Hungary,2,2,1.0,true,0.2785
2023-07-01,2023,7,HU,HU,Hungary,2,2,1.0,true,1.3855
2023-08-01,2023,8,HU,HU,Hungary,2,2,1.0,true,0.4725
2023-09-01,2023,9,HU,HU,Hungary,2,2,1.0,true,3.4305
2023-10-01,2023,10,HU,HU,Hungary,2,2,1.0,true,3.429
2023-11-01,2023,11,HU,HU,Hungary,2,2,1.0,true,0.634
2023-12-01,2023,12,HU,HU,Hungary,2,2,1.0,true,1.6025
2024-01-01,2024,1,HU,HU,Hungary,2,2,1.0,true,1.725
2024-02-01,2024,2,HU,HU,Hungary,2,2,1.0,true,6.373
2024-03-01,2024,3,HU,HU,Hungary,2,2,1.0,true,3.5235
2024-04-01,2024,4,HU,HU,Hungary,2,2,1.0,true,1.8265
2024-05-01,2024,5,HU,HU,Hungary,2,2,1.0,true,1.4235
2024-06-01,2024,6,HU,HU,Hungary,2,2,1.0,true,1.6785
2024-07-01,2024,7,HU,HU,Hungary,2,2,1.0,true,2.9135
2024-08-01,2024,8,HU,HU,Hungary,2,2,1.0,true,3.343
2024-09-01,2024,9,HU,HU,Hungary,2,2,1.0,true,1.547
2024-10-01,2024,10,HU,HU,Hungary,2,2,1.0,true,1.1145
2024-11-01,2024,11,HU,HU,Hungary,2,2,1.0,true,-1.3935
2024-12-01,2024,12,HU,HU,Hungary,2,2,1.0,true,1.5255
2025-01-01,2025,1,HU,HU,Hungary,2,2,1.0,true,2.3965
2025-02-01,2025,2,HU,HU,Hungary,2,2,1.0,true,-0.733
2025-03-01,2025,3,HU,HU,Hungary,2,2,1.0,true,2.1845
2025-04-01,2025,4,HU,HU,Hungary,2,2,1.0,true,1.49
2025-05-01,2025,5,HU,HU,Hungary,2,2,1.0,true,-1.9205
2025-06-01,2025,6,HU,HU,Hungary,2,2,1.0,true,2.4275
2025-07-01,2025,7,HU,HU,Hungary,2,2,1.0,true,0.4415
2025-08-01,2025,8,HU,HU,Hungary,2,2,1.0,true,0.48
2025-09-01,2025,9,HU,HU,Hungary,2,2,1.0,true,1.9895
2025-10-01,2025,10,HU,HU,Hungary,2,2,1.0,true,-0.1915
2025-11-01,2025,11,HU,HU,Hungary,2,2,1.0,true,-0.3905
2025-12-01,2025,12,HU,HU,Hungary,2,2,1.0,true,1.6175
2021-01-01,2021,1,EI,IE,Ireland,3,3,1.0,true,-1.2786666666666666
2021-02-01,2021,2,EI,IE,Ireland,3,3,1.0,true,0.5723333333333334
2021-03-01,2021,3,EI,IE,Ireland,3,3,1.0,true,0.6126666666666667
2021-04-01,2021,4,EI,IE,Ireland,3,3,1.0,true,-1.2713333333333334
2021-05-01,2021,5,EI,IE,Ireland,3,3,1.0,true,-1.216
2021-06-01,2021,6,EI,IE,Ireland,3,3,1.0,true,0.43633333333333335
2021-07-01,2021,7,EI,IE,Ireland,3,3,1.0,true,1.2023333333333333
2021-08-01,2021,8,EI,IE,Ireland,3,3,1.0,true,0.207
2021-09-01,2021,9,EI,IE,Ireland,3,3,1.0,true,1.7543333333333333
2021-10-01,2021,10,EI,IE,Ireland,3,3,1.0,true,1.2646666666666666
2021-11-01,2021,11,EI,IE,Ireland,3,3,1.0,true,0.9193333333333333
2021-12-01,2021,12,EI,IE,Ireland,3,3,1.0,true,1.0033333333333334
2022-01-01,2022,1,EI,IE,Ireland,3,3,1.0,true,1.0393333333333334
2022-02-01,2022,2,EI,IE,Ireland,3,3,1.0,true,1.3946666666666667
2022-03-01,2022,3,EI,IE,Ireland,3,3,1.0,true,0.836
2022-04-01,2022,4,EI,IE,Ireland,3,3,1.0,true,0.318
2022-05-01,2022,5,EI,IE,Ireland,3,3,1.0,true,1.5066666666666666
2022-06-01,2022,6,EI,IE,Ireland,3,3,1.0,true,0.45366666666666666
2022-07-01,2022,7,EI,IE,Ireland,3,3,1.0,true,0.7933333333333333
2022-08-01,2022,8,EI,IE,Ireland,3,3,1.0,true,0.8273333333333334
2022-09-01,2022,9,EI,IE,Ireland,3,3,1.0,true,0.592
2022-10-01,2022,10,EI,IE,Ireland,3,3,1.0,true,1.5653333333333332
2022-11-01,2022,11,EI,IE,Ireland,3,3,1.0,true,1.317
2022-12-01,2022,12,EI,IE,Ireland,3,3,1.0,true,-1.143
2023-01-01,2023,1,EI,IE,Ireland,3,3,1.0,true,0.736
2023-02-01,2023,2,EI,IE,Ireland,3,3,1.0,true,2.122
2023-03-01,2023,3,EI,IE,Ireland,3,3,1.0,true,0.4493333333333333
2023-04-01,2023,4,EI,IE,Ireland,3,3,1.0,true,0.9873333333333333
2023-05-01,2023,5,EI,IE,Ireland,3,3,1.0,true,1.4846666666666666
2023-06-01,2023,6,EI,IE,Ireland,3,3,1.0,true,2.6473333333333335
2023-07-01,2023,7,EI,IE,Ireland,3,3,1.0,true,-0.043333333333333335
2023-08-01,2023,8,EI,IE,Ireland,3,3,1.0,true,0.47
2023-09-01,2023,9,EI,IE,Ireland,3,3,1.0,true,1.638
2023-10-01,2023,10,EI,IE,Ireland,3,3,1.0,true,0.9806666666666667
2023-11-01,2023,11,EI,IE,Ireland,3,3,1.0,true,-0.023666666666666666
2023-12-01,2023,12,EI,IE,Ireland,3,3,1.0,true,1.414
2024-01-01,2024,1,EI,IE,Ireland,3,3,1.0,true,-0.09833333333333333
2024-02-01,2024,2,EI,IE,Ireland,3,3,1.0,true,1.7286666666666666
2024-03-01,2024,3,EI,IE,Ireland,3,3,1.0,true,0.6713333333333333
2024-04-01,2024,4,EI,IE,Ireland,3,3,1.0,true,0.5693333333333334
2024-05-01,2024,5,EI,IE,Ireland,3,3,1.0,true,1.9586666666666666
2024-06-01,2024,6,EI,IE,Ireland,3,3,1.0,true,-0.4826666666666667
2024-07-01,2024,7,EI,IE,Ireland,3,3,1.0,true,-0.568
2024-08-01,2024,8,EI,IE,Ireland,3,3,1.0,true,0.03766666666666667
2024-09-01,2024,9,EI,IE,Ireland,3,3,1.0,true,-0.41533333333333333
2024-10-01,2024,10,EI,IE,Ireland,3,3,1.0,true,0.962
2024-11-01,2024,11,EI,IE,Ireland,3,3,1.0,true,0.9463333333333334
2024-12-01,2024,12,EI,IE,Ireland,3,3,1.0,true,1.453
2025-01-01,2025,1,EI,IE,Ireland,3,3,1.0,true,-0.27166666666666667
2025-02-01,2025,2,EI,IE,Ireland,3,3,1.0,true,0.9923333333333333
2025-03-01,2025,3,EI,IE,Ireland,3,3,1.0,true,1.5376666666666667
2025-04-01,2025,4,EI,IE,Ireland,3,3,1.0,true,1.9893333333333334
2025-05-01,2025,5,EI,IE,Ireland,3,3,1.0,true,1.162
2025-06-01,2025,6,EI,IE,Ireland,3,3,1.0,true,1.469
2025-07-01,2025,7,EI,IE,Ireland,3,3,1.0,true,1.3173333333333332
2025-08-01,2025,8,EI,IE,Ireland,3,3,1.0,true,1.5013333333333334
2025-09-01,2025,9,EI,IE,Ireland,3,3,1.0,true,-0.14966666666666667
2025-10-01,2025,10,EI,IE,Ireland,3,3,1.0,true,0.802
2025-11-01,2025,11,EI,IE,Ireland,3,3,1.0,true,0.6016666666666667
2025-12-01,2025,12,EI,IE,Ireland,3,3,1.0,true,1.3176666666666668
2021-01-01,2021,1,LU,LU,Luxembourg,1,1,1.0,true,-0.536
2021-02-01,2021,2,LU,LU,Luxembourg,1,1,1.0,true,1.706
2021-03-01,2021,3,LU,LU,Luxembourg,1,1,1.0,true,-0.043
2021-04-01,2021,4,LU,LU,Luxembourg,1,1,1.0,true,-2.903
2021-05-01,2021,5,LU,LU,Luxembourg,1,1,1.0,true,-3.485
2021-06-01,2021,6,LU,LU,Luxembourg,1,1,1.0,true,1.96
2021-07-01,2021,7,LU,LU,Luxembourg,1,1,1.0,true,-1.479
2021-08-01,2021,8,LU,LU,Luxembourg,1,1,1.0,true,-2.005
2021-09-01,2021,9,LU,LU,Luxembourg,1,1,1.0,true,1.052
2021-10-01,2021,10,LU,LU,Luxembourg,1,1,1.0,true,-0.239
2021-11-01,2021,11,LU,LU,Luxembourg,1,1,1.0,true,-1.097
2021-12-01,2021,12,LU,LU,Luxembourg,1,0,0.0,false,
2022-01-01,2022,1,LU,LU,Luxembourg,1,1,1.0,true,0.567
2022-02-01,2022,2,LU,LU,Luxembourg,1,1,1.0,true,2.219
2022-03-01,2022,3,LU,LU,Luxembourg,1,1,1.0,true,1.026
2022-04-01,2022,4,LU,LU,Luxembourg,1,1,1.0,true,-0.998
2022-05-01,2022,5,LU,LU,Luxembourg,1,1,1.0,true,1.797
2022-06-01,2022,6,LU,LU,Luxembourg,1,1,1.0,true,1.627
2022-07-01,2022,7,LU,LU,Luxembourg,1,1,1.0,true,1.596
2022-08-01,2022,8,LU,LU,Luxembourg,1,1,1.0,true,3.034
2022-09-01,2022,9,LU,LU,Luxembourg,1,1,1.0,true,-0.453
2022-10-01,2022,10,LU,LU,Luxembourg,1,1,1.0,true,3.001
2022-11-01,2022,11,LU,LU,Luxembourg,1,1,1.0,true,1.843
2022-12-01,2022,12,LU,LU,Luxembourg,1,1,1.0,true,0.307
2023-01-01,2023,1,LU,LU,Luxembourg,1,1,1.0,true,1.835
2023-02-01,2023,2,LU,LU,Luxembourg,1,0,0.0,false,
2023-03-01,2023,3,LU,LU,Luxembourg,1,1,1.0,true,0.138
2023-04-01,2023,4,LU,LU,Luxembourg,1,1,1.0,true,-1.647
2023-05-01,2023,5,LU,LU,Luxembourg,1,1,1.0,true,0.233
2023-06-01,2023,6,LU,LU,Luxembourg,1,1,1.0,true,3.09
2023-07-01,2023,7,LU,LU,Luxembourg,1,1,1.0,true,-0.282
2023-08-01,2023,8,LU,LU,Luxembourg,1,1,1.0,true,-0.455
2023-09-01,2023,9,LU,LU,Luxembourg,1,1,1.0,true,3.158
2023-10-01,2023,10,LU,LU,Luxembourg,1,1,1.0,true,1.888
2023-11-01,2023,11,LU,LU,Luxembourg,1,1,1.0,true,0.811
2023-12-01,2023,12,LU,LU,Luxembourg,1,1,1.0,true,2.313
2024-01-01,2024,1,LU,LU,Luxembourg,1,1,1.0,true,-0.336
2024-02-01,2024,2,LU,LU,Luxembourg,1,1,1.0,true,4.258
2024-03-01,2024,3,LU,LU,Luxembourg,1,1,1.0,true,2.197
2024-04-01,2024,4,LU,LU,Luxembourg,1,1,1.0,true,0.002
2024-05-01,2024,5,LU,LU,Luxembourg,1,1,1.0,true,0.394
2024-06-01,2024,6,LU,LU,Luxembourg,1,1,1.0,true,-0.985
2024-07-01,2024,7,LU,LU,Luxembourg,1,1,1.0,true,-0.582
2024-08-01,2024,8,LU,LU,Luxembourg,1,1,1.0,true,1.166
2024-09-01,2024,9,LU,LU,Luxembourg,1,1,1.0,true,0.322
2024-10-01,2024,10,LU,LU,Luxembourg,1,1,1.0,true,1.238
2024-11-01,2024,11,LU,LU,Luxembourg,1,1,1.0,true,0.019
2024-12-01,2024,12,LU,LU,Luxembourg,1,1,1.0,true,0.142
2025-01-01,2025,1,LU,LU,Luxembourg,1,1,1.0,true,0.434
2025-02-01,2025,2,LU,LU,Luxembourg,1,1,1.0,true,0.065
2025-03-01,2025,3,LU,LU,Luxembourg,1,1,1.0,true,1.541
2025-04-01,2025,4,LU,LU,Luxembourg,1,1,1.0,true,1.008
2025-05-01,2025,5,LU,LU,Luxembourg,1,1,1.0,true,0.134
2025-06-01,2025,6,LU,LU,Luxembourg,1,1,1.0,true,2.004
2025-07-01,2025,7,LU,LU,Luxembourg,1,1,1.0,true,-0.175
2025-08-01,2025,8,LU,LU,Luxembourg,1,1,1.0,true,0.395
2025-09-01,2025,9,LU,LU,Luxembourg,1,1,1.0,true,-0.49
2025-10-01,2025,10,LU,LU,Luxembourg,1,1,1.0,true,0.164
2025-11-01,2025,11,LU,LU,Luxembourg,1,1,1.0,true,0.451
2025-12-01,2025,12,LU,LU,Luxembourg,1,1,1.0,true,1.841
2021-01-01,2021,1,NL,NL,Netherlands,27,27,1.0,true,-0.13448148148148148
2021-02-01,2021,2,NL,NL,Netherlands,27,27,1.0,true,0.1668148148148148
2021-03-01,2021,3,NL,NL,Netherlands,27,27,1.0,true,0.12329629629629629
2021-04-01,2021,4,NL,NL,Netherlands,27,27,1.0,true,-3.1441481481481484
2021-05-01,2021,5,NL,NL,Netherlands,27,27,1.0,true,-2.041888888888889
2021-06-01,2021,6,NL,NL,Netherlands,27,27,1.0,true,1.9104074074074073
2021-07-01,2021,7,NL,NL,Netherlands,27,27,1.0,true,0.021
2021-08-01,2021,8,NL,NL,Netherlands,27,27,1.0,true,-0.7937407407407407
2021-09-01,2021,9,NL,NL,Netherlands,27,27,1.0,true,1.3054814814814815
2021-10-01,2021,10,NL,NL,Netherlands,27,27,1.0,true,0.7757037037037037
2021-11-01,2021,11,NL,NL,Netherlands,27,27,1.0,true,0.3022962962962963
2021-12-01,2021,12,NL,NL,Netherlands,27,27,1.0,true,1.0597407407407406
2022-01-01,2022,1,NL,NL,Netherlands,27,27,1.0,true,1.5842592592592593
2022-02-01,2022,2,NL,NL,Netherlands,27,27,1.0,true,2.664814814814815
2022-03-01,2022,3,NL,NL,Netherlands,27,27,1.0,true,0.9466666666666667
2022-04-01,2022,4,NL,NL,Netherlands,27,27,1.0,true,-0.504
2022-05-01,2022,5,NL,NL,Netherlands,27,27,1.0,true,0.8307777777777777
2022-06-01,2022,6,NL,NL,Netherlands,27,27,1.0,true,0.9301111111111111
2022-07-01,2022,7,NL,NL,Netherlands,27,27,1.0,true,0.17307407407407407
2022-08-01,2022,8,NL,NL,Netherlands,27,27,1.0,true,2.153111111111111
2022-09-01,2022,9,NL,NL,Netherlands,27,27,1.0,true,0.23662962962962963
2022-10-01,2022,10,NL,NL,Netherlands,27,27,1.0,true,2.3905925925925926
2022-11-01,2022,11,NL,NL,Netherlands,27,27,1.0,true,1.6786666666666668
2022-12-01,2022,12,NL,NL,Netherlands,27,27,1.0,true,-0.2842222222222222
2023-01-01,2023,1,NL,NL,Netherlands,27,27,1.0,true,2.1175925925925925
2023-02-01,2023,2,NL,NL,Netherlands,27,27,1.0,true,1.8007777777777778
2023-03-01,2023,3,NL,NL,Netherlands,27,27,1.0,true,0.6417037037037037
2023-04-01,2023,4,NL,NL,Netherlands,27,27,1.0,true,-1.0085185185185186
2023-05-01,2023,5,NL,NL,Netherlands,27,27,1.0,true,0.03374074074074074
2023-06-01,2023,6,NL,NL,Netherlands,27,27,1.0,true,3.08062962962963
2023-07-01,2023,7,NL,NL,Netherlands,27,27,1.0,true,0.17862962962962964
2023-08-01,2023,8,NL,NL,Netherlands,27,27,1.0,true,-0.13548148148148148
2023-09-01,2023,9,NL,NL,Netherlands,27,27,1.0,true,3.030222222222222
2023-10-01,2023,10,NL,NL,Netherlands,27,27,1.0,true,2.2396666666666665
2023-11-01,2023,11,NL,NL,Netherlands,27,27,1.0,true,0.8308518518518518
2023-12-01,2023,12,NL,NL,Netherlands,27,27,1.0,true,2.369222222222222
2024-01-01,2024,1,NL,NL,Netherlands,27,27,1.0,true,0.4552222222222222
2024-02-01,2024,2,NL,NL,Netherlands,27,27,1.0,true,4.138592592592593
2024-03-01,2024,3,NL,NL,Netherlands,27,27,1.0,true,2.45
2024-04-01,2024,4,NL,NL,Netherlands,27,27,1.0,true,1.1229259259259259
2024-05-01,2024,5,NL,NL,Netherlands,27,27,1.0,true,2.4328148148148148
2024-06-01,2024,6,NL,NL,Netherlands,27,27,1.0,true,-0.22748148148148148
2024-07-01,2024,7,NL,NL,Netherlands,27,27,1.0,true,-0.02040740740740741
2024-08-01,2024,8,NL,NL,Netherlands,27,27,1.0,true,1.5386666666666666
2024-09-01,2024,9,NL,NL,Netherlands,27,27,1.0,true,1.162962962962963
2024-10-01,2024,10,NL,NL,Netherlands,27,27,1.0,true,1.0834444444444444
2024-11-01,2024,11,NL,NL,Netherlands,27,27,1.0,true,0.07448148148148148
2024-12-01,2024,12,NL,NL,Netherlands,27,27,1.0,true,1.8197777777777777
2025-01-01,2025,1,NL,NL,Netherlands,27,27,1.0,true,0.03144444444444444
2025-02-01,2025,2,NL,NL,Netherlands,27,27,1.0,true,0.11507407407407408
2025-03-01,2025,3,NL,NL,Netherlands,27,27,1.0,true,0.9377037037037037
2025-04-01,2025,4,NL,NL,Netherlands,27,27,1.0,true,1.4501851851851852
2025-05-01,2025,5,NL,NL,Netherlands,27,27,1.0,true,0.4747037037037037
2025-06-01,2025,6,NL,NL,Netherlands,27,27,1.0,true,1.9661481481481482
2025-07-01,2025,7,NL,NL,Netherlands,27,27,1.0,true,0.9415555555555556
2025-08-01,2025,8,NL,NL,Netherlands,27,27,1.0,true,0.5453333333333333
2025-09-01,2025,9,NL,NL,Netherlands,27,27,1.0,true,0.5845185185185185
2025-10-01,2025,10,NL,NL,Netherlands,27,26,0.9629629629629629,true,1.0864615384615384
2025-11-01,2025,11,NL,NL,Netherlands,27,26,0.9629629629629629,true,0.7834230769230769
2025-12-01,2025,12,NL,NL,Netherlands,27,26,0.9629629629629629,true,1.7472307692307691
2021-01-01,2021,1,RO,RO,Romania,21,20,0.9523809523809523,true,2.293
2021-02-01,2021,2,RO,RO,Romania,21,20,0.9523809523809523,true,1.77305
2021-03-01,2021,3,RO,RO,Romania,21,21,1.0,true,-1.2504761904761905
2021-04-01,2021,4,RO,RO,Romania,21,21,1.0,true,-2.416904761904762
2021-05-01,2021,5,RO,RO,Romania,21,21,1.0,true,-0.7218571428571429
2021-06-01,2021,6,RO,RO,Romania,21,21,1.0,true,-0.08580952380952381
2021-07-01,2021,7,RO,RO,Romania,21,21,1.0,true,1.7856190476190477
2021-08-01,2021,8,RO,RO,Romania,21,21,1.0,true,0.21685714285714286
2021-09-01,2021,9,RO,RO,Romania,21,21,1.0,true,-0.5734761904761905
2021-10-01,2021,10,RO,RO,Romania,21,21,1.0,true,-1.427904761904762
2021-11-01,2021,11,RO,RO,Romania,21,21,1.0,true,1.480952380952381
2021-12-01,2021,12,RO,RO,Romania,21,20,0.9523809523809523,true,1.7931
2022-01-01,2022,1,RO,RO,Romania,21,20,0.9523809523809523,true,1.81215
2022-02-01,2022,2,RO,RO,Romania,21,20,0.9523809523809523,true,2.90285
2022-03-01,2022,3,RO,RO,Romania,21,21,1.0,true,-1.916095238095238
2022-04-01,2022,4,RO,RO,Romania,21,21,1.0,true,-0.8268571428571428
2022-05-01,2022,5,RO,RO,Romania,21,21,1.0,true,0.2876666666666667
2022-06-01,2022,6,RO,RO,Romania,21,21,1.0,true,1.2566190476190475
2022-07-01,2022,7,RO,RO,Romania,21,21,1.0,true,1.2574285714285713
2022-08-01,2022,8,RO,RO,Romania,21,21,1.0,true,1.6461428571428571
2022-09-01,2022,9,RO,RO,Romania,21,21,1.0,true,-0.4627142857142857
2022-10-01,2022,10,RO,RO,Romania,21,21,1.0,true,1.6276666666666666
2022-11-01,2022,11,RO,RO,Romania,21,21,1.0,true,1.9165714285714286
2022-12-01,2022,12,RO,RO,Romania,21,20,0.9523809523809523,true,2.8794
2023-01-01,2023,1,RO,RO,Romania,21,20,0.9523809523809523,true,5.16145
2023-02-01,2023,2,RO,RO,Romania,21,20,0.9523809523809523,true,1.0584
2023-03-01,2023,3,RO,RO,Romania,21,21,1.0,true,1.4373333333333334
2023-04-01,2023,4,RO,RO,Romania,21,21,1.0,true,-1.8921904761904762
2023-05-01,2023,5,RO,RO,Romania,21,21,1.0,true,-0.734904761904762
2023-06-01,2023,6,RO,RO,Romania,21,21,1.0,true,-0.2744761904761905
2023-07-01,2023,7,RO,RO,Romania,21,21,1.0,true,1.1859047619047618
2023-08-01,2023,8,RO,RO,Romania,21,21,1.0,true,1.6712380952380952
2023-09-01,2023,9,RO,RO,Romania,21,21,1.0,true,3.1726666666666667
2023-10-01,2023,10,RO,RO,Romania,21,21,1.0,true,3.0799523809523808
2023-11-01,2023,11,RO,RO,Romania,21,21,1.0,true,0.919952380952381
2023-12-01,2023,12,RO,RO,Romania,21,20,0.9523809523809523,true,3.1577
2024-01-01,2024,1,RO,RO,Romania,21,20,0.9523809523809523,true,1.63945
2024-02-01,2024,2,RO,RO,Romania,21,20,0.9523809523809523,true,6.3763
2024-03-01,2024,3,RO,RO,Romania,21,21,1.0,true,2.684
2024-04-01,2024,4,RO,RO,Romania,21,21,1.0,true,2.503
2024-05-01,2024,5,RO,RO,Romania,21,21,1.0,true,-0.43923809523809526
2024-06-01,2024,6,RO,RO,Romania,21,4,0.19047619047619047,true,3.46225
2024-07-01,2024,7,RO,RO,Romania,21,21,1.0,true,2.869047619047619
2024-08-01,2024,8,RO,RO,Romania,21,21,1.0,true,2.476
2024-09-01,2024,9,RO,RO,Romania,21,21,1.0,true,1.7393809523809525
2024-10-01,2024,10,RO,RO,Romania,21,21,1.0,true,0.6553809523809524
2024-11-01,2024,11,RO,RO,Romania,21,20,0.9523809523809523,true,-1.45945
2024-12-01,2024,12,RO,RO,Romania,21,20,0.9523809523809523,true,2.37205
2025-01-01,2025,1,RO,RO,Romania,21,20,0.9523809523809523,true,4.0952
2025-02-01,2025,2,RO,RO,Romania,21,20,0.9523809523809523,true,-1.9439
2025-03-01,2025,3,RO,RO,Romania,21,21,1.0,true,3.402904761904762
2025-04-01,2025,4,RO,RO,Romania,21,21,1.0,true,0.09985714285714285
2025-05-01,2025,5,RO,RO,Romania,21,21,1.0,true,-2.4186190476190474
2025-06-01,2025,6,RO,RO,Romania,21,21,1.0,true,1.344095238095238
2025-07-01,2025,7,RO,RO,Romania,21,21,1.0,true,1.4208571428571428
2025-08-01,2025,8,RO,RO,Romania,21,21,1.0,true,0.14847619047619048
2025-09-01,2025,9,RO,RO,Romania,21,21,1.0,true,1.6151904761904763
2025-10-01,2025,10,RO,RO,Romania,21,21,1.0,true,-1.4165238095238095
2025-11-01,2025,11,RO,RO,Romania,21,21,1.0,true,2.1236190476190475
2025-12-01,2025,12,RO,RO,Romania,21,20,0.9523809523809523,true,2.572
2021-01-01,2021,1,SW,SE,Sweden,100,100,1.0,true,-1.65915
2021-02-01,2021,2,SW,SE,Sweden,100,100,1.0,true,-1.16258
2021-03-01,2021,3,SW,SE,Sweden,100,99,0.99,true,1.9968484848484849
2021-04-01,2021,4,SW,SE,Sweden,100,100,1.0,true,-0.67268
2021-05-01,2021,5,SW,SE,Sweden,100,100,1.0,true,-0.75371
2021-06-01,2021,6,SW,SE,Sweden,100,100,1.0,true,2.49683
2021-07-01,2021,7,SW,SE,Sweden,100,100,1.0,true,2.23182
2021-08-01,2021,8,SW,SE,Sweden,100,99,0.99,true,-1.1155151515151516
2021-09-01,2021,9,SW,SE,Sweden,100,100,1.0,true,-0.22636
2021-10-01,2021,10,SW,SE,Sweden,100,100,1.0,true,1.55897
2021-11-01,2021,11,SW,SE,Sweden,100,100,1.0,true,0.05172
2021-12-01,2021,12,SW,SE,Sweden,100,100,1.0,true,-2.34513
2022-01-01,2022,1,SW,SE,Sweden,100,100,1.0,true,1.97068
2022-02-01,2022,2,SW,SE,Sweden,100,100,1.0,true,1.574
2022-03-01,2022,3,SW,SE,Sweden,100,99,0.99,true,2.135686868686869
2022-04-01,2022,4,SW,SE,Sweden,100,100,1.0,true,-0.79672
2022-05-01,2022,5,SW,SE,Sweden,100,100,1.0,true,0.34678
2022-06-01,2022,6,SW,SE,Sweden,100,99,0.99,true,1.9862626262626262
2022-07-01,2022,7,SW,SE,Sweden,100,99,0.99,true,-0.1387878787878788
2022-08-01,2022,8,SW,SE,Sweden,100,99,0.99,true,1.2622626262626262
2022-09-01,2022,9,SW,SE,Sweden,100,99,0.99,true,-0.46945454545454546
2022-10-01,2022,10,SW,SE,Sweden,100,100,1.0,true,2.2244
2022-11-01,2022,11,SW,SE,Sweden,100,99,0.99,true,1.974939393939394
2022-12-01,2022,12,SW,SE,Sweden,100,100,1.0,true,-2.1118
2023-01-01,2023,1,SW,SE,Sweden,100,99,0.99,true,2.350878787878788
2023-02-01,2023,2,SW,SE,Sweden,100,100,1.0,true,2.46084
2023-03-01,2023,3,SW,SE,Sweden,100,99,0.99,true,-1.7054040404040405
2023-04-01,2023,4,SW,SE,Sweden,100,100,1.0,true,-0.28023
2023-05-01,2023,5,SW,SE,Sweden,100,100,1.0,true,0.55954
2023-06-01,2023,6,SW,SE,Sweden,100,100,1.0,true,2.15954
2023-07-01,2023,7,SW,SE,Sweden,100,99,0.99,true,-0.5085656565656566
2023-08-01,2023,8,SW,SE,Sweden,100,99,0.99,true,0.24129292929292928
2023-09-01,2023,9,SW,SE,Sweden,100,99,0.99,true,2.5434242424242424
2023-10-01,2023,10,SW,SE,Sweden,100,99,0.99,true,-1.299979797979798
2023-11-01,2023,11,SW,SE,Sweden,100,99,0.99,true,-2.742151515151515
2023-12-01,2023,12,SW,SE,Sweden,100,99,0.99,true,-2.538181818181818
2024-01-01,2024,1,SW,SE,Sweden,100,100,1.0,true,-2.42147
2024-02-01,2024,2,SW,SE,Sweden,100,99,0.99,true,1.3056767676767678
2024-03-01,2024,3,SW,SE,Sweden,100,99,0.99,true,1.6005252525252525
2024-04-01,2024,4,SW,SE,Sweden,100,99,0.99,true,-1.046888888888889
2024-05-01,2024,5,SW,SE,Sweden,100,99,0.99,true,3.4040707070707072
2024-06-01,2024,6,SW,SE,Sweden,100,98,0.98,true,1.2459897959183674
2024-07-01,2024,7,SW,SE,Sweden,100,98,0.98,true,0.22274489795918367
2024-08-01,2024,8,SW,SE,Sweden,100,98,0.98,true,0.9135510204081633
2024-09-01,2024,9,SW,SE,Sweden,100,98,0.98,true,1.5009897959183673
2024-10-01,2024,10,SW,SE,Sweden,100,96,0.96,true,1.8656979166666667
2024-11-01,2024,11,SW,SE,Sweden,100,95,0.95,true,1.0317263157894736
2024-12-01,2024,12,SW,SE,Sweden,100,98,0.98,true,1.6965714285714286
2025-01-01,2025,1,SW,SE,Sweden,100,99,0.99,true,1.3906060606060606
2025-02-01,2025,2,SW,SE,Sweden,100,100,1.0,true,1.9711
2025-03-01,2025,3,SW,SE,Sweden,100,99,0.99,true,3.153131313131313
2025-04-01,2025,4,SW,SE,Sweden,100,98,0.98,true,2.106204081632653
2025-05-01,2025,5,SW,SE,Sweden,100,100,1.0,true,-0.15926
2025-06-01,2025,6,SW,SE,Sweden,100,98,0.98,true,0.10147959183673469
2025-07-01,2025,7,SW,SE,Sweden,100,100,1.0,true,2.02887
2025-08-01,2025,8,SW,SE,Sweden,100,98,0.98,true,-0.23254081632653062
2025-09-01,2025,9,SW,SE,Sweden,100,100,1.0,true,2.22232
2025-10-01,2025,10,SW,SE,Sweden,100,99,0.99,true,1.6224343434343433
2025-11-01,2025,11,SW,SE,Sweden,100,97,0.97,true,0.17768041237113402
2025-12-01,2025,12,SW,SE,Sweden,100,96,0.96,true,3.3980208333333333
2021-01-01,2021,1,SI,SI,Slovenia,1,1,1.0,true,-3.323
2021-02-01,2021,2,SI,SI,Slovenia,1,1,1.0,true,3.266
2021-03-01,2021,3,SI,SI,Slovenia,1,1,1.0,true,-0.825
2021-04-01,2021,4,SI,SI,Slovenia,1,1,1.0,true,-2.285
2021-05-01,2021,5,SI,SI,Slovenia,1,1,1.0,true,-2.467
2021-06-01,2021,6,SI,SI,Slovenia,1,1,1.0,true,2.208
2021-07-01,2021,7,SI,SI,Slovenia,1,1,1.0,true,0.711
2021-08-01,2021,8,SI,SI,Slovenia,1,1,1.0,true,-1.063
2021-09-01,2021,9,SI,SI,Slovenia,1,1,1.0,true,2.158
2021-10-01,2021,10,SI,SI,Slovenia,1,1,1.0,true,-0.978
2021-11-01,2021,11,SI,SI,Slovenia,1,1,1.0,true,0.864
2021-12-01,2021,12,SI,SI,Slovenia,1,1,1.0,true,0.281
2022-01-01,2022,1,SI,SI,Slovenia,1,1,1.0,true,0.532
2022-02-01,2022,2,SI,SI,Slovenia,1,1,1.0,true,1.489
2022-03-01,2022,3,SI,SI,Slovenia,1,1,1.0,true,0.078
2022-04-01,2022,4,SI,SI,Slovenia,1,1,1.0,true,-1.033
2022-05-01,2022,5,SI,SI,Slovenia,1,1,1.0,true,2.185
2022-06-01,2022,6,SI,SI,Slovenia,1,1,1.0,true,3.262
2022-07-01,2022,7,SI,SI,Slovenia,1,1,1.0,true,1.911
2022-08-01,2022,8,SI,SI,Slovenia,1,1,1.0,true,0.576
2022-09-01,2022,9,SI,SI,Slovenia,1,1,1.0,true,-0.833
2022-10-01,2022,10,SI,SI,Slovenia,1,1,1.0,true,3.985
2022-11-01,2022,11,SI,SI,Slovenia,1,1,1.0,true,0.283
2022-12-01,2022,12,SI,SI,Slovenia,1,1,1.0,true,2.331
2023-01-01,2023,1,SI,SI,Slovenia,1,1,1.0,true,0.44
2023-02-01,2023,2,SI,SI,Slovenia,1,1,1.0,true,1.618
2023-03-01,2023,3,SI,SI,Slovenia,1,1,1.0,true,1.089
2023-04-01,2023,4,SI,SI,Slovenia,1,1,1.0,true,-1.815
2023-05-01,2023,5,SI,SI,Slovenia,1,1,1.0,true,-0.27
2023-06-01,2023,6,SI,SI,Slovenia,1,1,1.0,true,1.112
2023-07-01,2023,7,SI,SI,Slovenia,1,1,1.0,true,1.505
2023-08-01,2023,8,SI,SI,Slovenia,1,1,1.0,true,1.137
2023-09-01,2023,9,SI,SI,Slovenia,1,1,1.0,true,3.813
2023-10-01,2023,10,SI,SI,Slovenia,1,0,0.0,false,
2023-11-01,2023,11,SI,SI,Slovenia,1,0,0.0,false,
2023-12-01,2023,12,SI,SI,Slovenia,1,0,0.0,false,
2024-01-01,2024,1,SI,SI,Slovenia,1,0,0.0,false,
2024-02-01,2024,2,SI,SI,Slovenia,1,0,0.0,false,
2024-03-01,2024,3,SI,SI,Slovenia,1,0,0.0,false,
2024-04-01,2024,4,SI,SI,Slovenia,1,0,0.0,false,
2024-05-01,2024,5,SI,SI,Slovenia,1,0,0.0,false,
2024-06-01,2024,6,SI,SI,Slovenia,1,0,0.0,false,
2024-07-01,2024,7,SI,SI,Slovenia,1,0,0.0,false,
2024-08-01,2024,8,SI,SI,Slovenia,1,0,0.0,false,
2024-09-01,2024,9,SI,SI,Slovenia,1,0,0.0,false,
2024-10-01,2024,10,SI,SI,Slovenia,1,0,0.0,false,
2024-11-01,2024,11,SI,SI,Slovenia,1,0,0.0,false,
2024-12-01,2024,12,SI,SI,Slovenia,1,0,0.0,false,
2025-01-01,2025,1,SI,SI,Slovenia,1,1,1.0,true,0.911
2025-02-01,2025,2,SI,SI,Slovenia,1,1,1.0,true,2.681
2025-03-01,2025,3,SI,SI,Slovenia,1,1,1.0,true,1.801
2025-04-01,2025,4,SI,SI,Slovenia,1,1,1.0,true,1.66
2025-05-01,2025,5,SI,SI,Slovenia,1,1,1.0,true,-0.508
2025-06-01,2025,6,SI,SI,Slovenia,1,1,1.0,true,4.315
2025-07-01,2025,7,SI,SI,Slovenia,1,1,1.0,true,-0.419
2025-08-01,2025,8,SI,SI,Slovenia,1,1,1.0,true,0.897
2025-09-01,2025,9,SI,SI,Slovenia,1,1,1.0,true,1.679
2025-10-01,2025,10,SI,SI,Slovenia,1,1,1.0,true,-1.53
2025-11-01,2025,11,SI,SI,Slovenia,1,1,1.0,true,0.173
2025-12-01,2025,12,SI,SI,Slovenia,1,1,1.0,true,3.899
