station_id,noaa_country_code,iso_alpha2,country_name,station_name,latitude,longitude,elevation_m,baseline_completeness,recent_completeness,baseline_min_monthly_completeness,recent_min_monthly_completeness
AU000005010,AU,AT,Austria,KREMSMUENSTER,48.05,14.1331,383.0,1.0,0.9611171960569551,1.0,0.900709219858156
AU000005901,AU,AT,Austria,WIEN,48.2331,16.35,199.0,1.0,0.9660460021905805,1.0,0.9225806451612903
AU000006306,AU,AT,Austria,SALZBURG,47.8,13.0,437.0,0.9999087424712538,0.8986856516976999,0.9989247311827957,0.8
BUM00015730,BU,BG,Bulgaria,KURDJALI,41.65,25.383,331.0,0.9015331264829348,0.91894852135816,0.8569892473118279,0.7733333333333333
EI000003969,EI,IE,Ireland,DUBLIN PHOENIX PARK,53.3639,-6.3192,49.0,0.8966052199306442,0.9819277108433735,0.8288888888888889,0.9290322580645162
EI000003980,EI,IE,Ireland,MALIN HEAD,55.3717,-7.34,21.0,0.8609235261909107,0.9857612267250822,0.7763440860215054,0.9466666666666667
EIE00107808,EI,IE,Ireland,BALLYSHANNON (CATHLEENS FALL),54.5,-8.1789,38.0,0.8828253330899799,0.9879518072289156,0.8355555555555556,0.9548387096774194
EN000026045,EN,EE,Estonia,KUNDA,59.5214,26.5414,3.0,0.9998174849425078,1.0,0.9977777777777778,1.0
EN000026124,EN,EE,Estonia,LAANE-NIGULA,58.9508,23.8156,24.0,0.9998174849425078,0.9813800657174151,0.9978494623655914,0.8
EN000026242,EN,EE,Estonia,TARTU-TORAVERE,58.2639,26.4614,70.0,1.0,0.9895947426067908,1.0,0.8733333333333333
EN000026249,EN,EE,Estonia,VORU,57.8458,27.0192,82.0,1.0,1.0,1.0,1.0
ENE00100914,EN,EE,Estonia,VILSANDI,58.3831,21.8153,6.0,0.9859463405730973,0.9961664841182913,0.9666666666666667,0.9574468085106383
ENE00174999,EN,EE,Estonia,JOHVI,59.3289,27.3981,73.0,1.0,0.9835706462212487,1.0,0.8
ENE00175019,EN,EE,Estonia,KIHNU,58.0983,23.9703,3.0,0.999269939770031,0.9780941949616648,0.9956989247311828,0.8
ENE00175023,EN,EE,Estonia,KUUSIKU,58.9731,24.7339,53.0,0.9984486220113159,0.9835706462212487,0.9924731182795699,0.8
ENE00175027,EN,EE,Estonia,NARVA,59.3892,28.1128,28.0,0.9975360467238548,0.9835706462212487,0.9924731182795699,0.8
ENE00175035,EN,EE,Estonia,PARNU,58.4194,24.4694,12.0,1.0,0.9835706462212487,1.0,0.8
ENE00175051,EN,EE,Estonia,TALLINN,59.3981,24.6028,33.0,0.9998174849425078,0.9835706462212487,0.9978494623655914,0.8
ENE00175075,EN,EE,Estonia,VAIKE-MAARJA,59.1414,26.2306,121.0,0.9999087424712538,0.9802847754654983,0.9989247311827957,0.8
ENE00175079,EN,EE,Estonia,TURI,58.8083,25.4092,60.0,0.9982661069538237,0.9835706462212487,0.9849462365591398,0.8
ENE00175087,EN,EE,Estonia,VALGA,57.79,26.0378,65.0,0.9995437123562694,0.9835706462212487,0.9977777777777778,0.8
ENE00175091,EN,EE,Estonia,VIRTSU,58.5728,23.5133,2.0,0.9997262274137616,0.9824753559693319,0.9988888888888889,0.8
FI000000304,FI,FI,Finland,HELSINKI KAISANIEMI AWS,60.1667,24.95,4.0,0.9995437123562694,1.0,0.9978494623655914,1.0
FI000002401,FI,FI,Finland,JYVASKYLA LENTOASEMA,62.4019,25.6783,139.0,0.999269939770031,1.0,0.9956989247311828,1.0
FI000002963,FI,FI,Finland,JOKIOINEN JOKIOISTEN OBSERVATO,60.8139,23.5006,104.0,0.9999087424712538,1.0,0.9989247311827957,1.0
FI000007501,FI,FI,Finland,SODANKYLA AWS,67.3678,26.6328,179.0,0.9993611972987771,0.9994523548740416,0.9956989247311828,0.9935483870967742
FIE00141805,FI,FI,Finland,JOMALA MAARIANHAMINAN LENTOASE,60.1244,19.9067,5.0,0.8396605219930644,1.0,0.8182795698924731,1.0
FIE00141810,FI,FI,Finland,PARAINEN UTO,59.7842,21.3708,9.0,0.9987223945975543,1.0,0.9946236559139785,1.0
FIE00141855,FI,FI,Finland,JOMALA JOMALABY,60.1781,19.9894,11.0,0.9975360467238548,1.0,0.9731182795698925,1.0
FIE00141925,FI,FI,Finland,HANKO RUSSARO,59.7733,22.9517,5.0,0.9984486220113159,1.0,0.989247311827957,1.0
FIE00141935,FI,FI,Finland,KAARINA YLTOINEN,60.3867,22.5544,6.0,0.9998174849425078,0.9994523548740416,0.9989247311827957,0.9935483870967742
FIE00142025,FI,FI,Finland,HANKO TVARMINNE,59.8439,23.2517,3.0,0.9991786822412849,1.0,0.9946236559139785,1.0
FIE00142035,FI,FI,Finland,SALO KARKKA,60.3733,23.1158,3.0,0.9991786822412849,0.9994523548740416,0.9967741935483871,0.9935483870967742
FIE00142080,FI,FI,Finland,VANTAA HELSINKI-VANTAAN LENTOA,60.3269,24.9603,51.0,0.9996349698850155,1.0,0.9977777777777778,1.0
FIE00142085,FI,FI,Finland,INKOO BAGASKAR,59.9308,24.0169,10.0,0.9950720934477094,1.0,0.9741935483870968,1.0
FIE00142106,FI,FI,Finland,LOHJA PORLA,60.2439,24.0525,37.0,0.9989961671837927,1.0,0.9922222222222222,1.0
FIE00142116,FI,FI,Finland,VIHTI MAASOJA,60.4183,24.4017,42.0,0.9989049096550465,0.9994523548740416,0.9924731182795699,0.9933333333333333
FIE00142341,FI,FI,Finland,KOTKA RANKKI,60.3753,26.9617,9.0,0.997718561781347,1.0,0.9870967741935484,1.0
FIE00142706,FI,FI,Finland,PIRKKALA TAMPERE-PIRKKALAN LEN,61.4206,23.6231,119.0,0.9950720934477094,1.0,0.9881720430107527,1.0
FIE00142751,FI,FI,Finland,HYVINKAA HYVINKAANKYLA,60.5956,24.8064,86.0,0.9997262274137616,1.0,0.9978494623655914,1.0
FIE00142871,FI,FI,Finland,HAMEENLINNA LAMMI PAPPILA,61.0539,25.0419,125.0,0.9990874247125388,1.0,0.9946236559139785,1.0
FIE00143041,FI,FI,Finland,KOUVOLA UTTI LENTOPORTINTIE,60.8903,26.9442,99.0,1.0,1.0,1.0,1.0
FIE00143056,FI,FI,Finland,KOUVOLA ANJALA,60.6964,26.8133,33.0,0.997809819310093,1.0,0.9806451612903225,1.0
FIE00143066,FI,FI,Finland,HEINOLA ASEMANTAUS,61.1994,26.0528,92.0,0.9995437123562694,1.0,0.9988888888888889,1.0
FIE00143211,FI,FI,Finland,VIROLAHTI KOIVUNIEMI,60.5269,27.6756,5.0,0.9987223945975543,1.0,0.9955555555555555,1.0
FIE00143231,FI,FI,Finland,LAPPEENRANTA LENTOASEMA,61.0439,28.1542,106.0,0.9728052564336558,1.0,0.9633333333333334,1.0
FIE00143381,FI,FI,Finland,KANKAANPAA NIINISALO PUOLUSTUS,61.8381,22.4669,124.0,1.0,1.0,1.0,1.0
FIE00143391,FI,FI,Finland,KARVIA ALKKIA,62.1831,22.8031,160.0,0.967694834823873,1.0,0.9655913978494624,1.0
FIE00143586,FI,FI,Finland,JAMSA HALLI LENTOKENTTA,61.8564,24.7892,145.0,0.9923343675853258,0.9994523548740416,0.9731182795698925,0.9935483870967742
FIE00143596,FI,FI,Finland,JUUPAJOKI HYYTIALA,61.8456,24.2906,153.0,0.9984486220113159,1.0,0.9913978494623656,1.0
FIE00143822,FI,FI,Finland,JOUTSA LEIVONMAKI SAVENAHO,61.8792,26.0989,146.0,0.9912392772403723,1.0,0.98,1.0
FIE00143952,FI,FI,Finland,MIKKELI LENTOASEMA,61.6869,27.21,101.0,0.9967147289651396,1.0,0.9881720430107527,1.0
FIE00144132,FI,FI,Finland,PUNKAHARJU LAUKANSAARI,61.8017,29.3181,78.0,0.9990874247125388,1.0,0.9956989247311828,1.0
FIE00144202,FI,FI,Finland,TOHMAJARVI KEMIE,62.235,30.3494,90.0,0.9997262274137616,1.0,0.9988888888888889,1.0
FIE00144222,FI,FI,Finland,MUSTASAARI VALASSAARET,63.4353,21.0681,4.0,0.9710713633874795,0.9994523548740416,0.8956989247311828,0.9935483870967742
FIE00144322,FI,FI,Finland,SEINAJOKI PELMAA,62.9367,22.4908,26.0,0.9989049096550465,1.0,0.9967741935483871,1.0
FIE00144407,FI,FI,Finland,KAUHAVA LENTOKENTTA,63.1203,23.0469,42.0,0.994798320861471,1.0,0.9655913978494624,1.0
FIE00144482,FI,FI,Finland,AHTARI MYLLYMAKI,62.5344,24.2206,157.0,0.9984486220113159,1.0,0.9870967741935484,1.0
FIE00144557,FI,FI,Finland,VIITASAARI HAAPANIEMI,63.0817,25.8617,132.0,0.9993611972987771,1.0,0.9935483870967742,1.0
FIE00144637,FI,FI,Finland,VESANTO SONKARI,62.9214,26.4281,120.0,0.9916955648841029,1.0,0.9666666666666667,1.0
FIE00144702,FI,FI,Finland,SIILINJARVI KUOPION LENTOASEMA,63.0081,27.8025,99.0,0.9918780799415952,1.0,0.975268817204301,1.0
FIE00144712,FI,FI,Finland,MAANINKA HALOLA,63.1431,27.3158,90.0,0.9971710166088702,1.0,0.9774193548387097,1.0
FIE00144862,FI,FI,Finland,RAUTAVAARA YLA-LUOSTA,63.3778,28.665,166.0,0.9973535316663624,1.0,0.989247311827957,1.0
FIE00144877,FI,FI,Finland,LIPERI JOENSUUN LENTOASEMA,62.6594,29.6144,121.0,0.996988501551378,1.0,0.9933333333333333,1.0
FIE00144882,FI,FI,Finland,JUUKA NIEMELA,63.2317,29.2378,116.0,0.9985398795400621,0.9994523548740416,0.9924731182795699,0.9935483870967742
FIE00144982,FI,FI,Finland,LIEKSA LAMPELA,63.3206,30.0492,98.0,0.997718561781347,1.0,0.9922222222222222,1.0
FIE00145102,FI,FI,Finland,KRUUNUPYY LENTOASEMA,63.7169,23.1425,26.0,0.8787187442964045,1.0,0.8526881720430107,1.0
FIE00145242,FI,FI,Finland,HAAPAVESI MUSTIKKAMAKI,64.1417,25.4281,112.0,0.9993611972987771,1.0,0.9935483870967742,1.0
FIE00145377,FI,FI,Finland,KAJAANI LENTOASEMA-1,64.2814,27.6783,147.0,0.9961671837926629,1.0,0.9822222222222222,1.0
FIE00145382,FI,FI,Finland,VIEREMA KAARAKKALA,63.8406,27.2242,207.0,0.9989961671837927,1.0,0.9935483870967742,1.0
FIE00145452,FI,FI,Finland,VALTIMO KK,63.6667,28.8325,115.0,0.9979923343675853,1.0,0.9855555555555555,1.0
FIE00145627,FI,FI,Finland,SIIKAJOKI REVONLAHTI,64.6833,25.0925,48.0,0.9998174849425078,1.0,0.9989247311827957,1.0
FIE00145677,FI,FI,Finland,VAALA PELSO,64.5008,26.4275,114.0,0.9988136521263005,1.0,0.9955555555555555,1.0
FIE00145852,FI,FI,Finland,KEMINMAA KEMI-TORNION LENTOASE,65.7831,24.5831,19.0,0.8424895053841942,1.0,0.8122222222222222,1.0
FIE00146067,FI,FI,Finland,KUUSAMO KIUTAKONGAS,66.3681,29.3192,160.0,0.9985398795400621,0.9989047097480832,0.9944444444444445,0.9929078014184397
FIE00146162,FI,FI,Finland,YLITORNIO MELTOSJARVI,66.5289,24.6531,92.0,0.9987223945975543,1.0,0.9955555555555555,1.0
FIE00146187,FI,FI,Finland,PELLO KK MUSEOTIE,66.7722,23.9669,84.0,0.9989961671837927,1.0,0.9946236559139785,1.0
FIE00146258,FI,FI,Finland,ROVANIEMI APUKKA,66.5789,26.015,106.0,0.9934294579302793,1.0,0.9655555555555555,1.0
FIE00146343,FI,FI,Finland,SAVUKOSKI KK,67.2853,28.18,180.0,0.9995437123562694,0.9994523548740416,0.9967741935483871,0.9935483870967742
FIE00146508,FI,FI,Finland,KITTILA POKKA,68.1692,25.7867,275.0,0.9935207154590253,1.0,0.9688888888888889,1.0
FIE00146538,FI,FI,Finland,SODANKYLA LOKKA,67.8206,27.7503,240.0,0.999269939770031,1.0,0.9956989247311828,1.0
FIE00146543,FI,FI,Finland,SODANKYLA VUOTSO,68.0839,27.1894,247.0,0.9754517247672932,1.0,0.9588888888888889,1.0
FIE00146563,FI,FI,Finland,INARI SAARISELKA MATKAILUKESKU,68.4142,27.4175,302.0,0.9995437123562694,1.0,0.9988888888888889,1.0
FIE00146598,FI,FI,Finland,SALLA VARRIOTUNTURI,67.7475,29.615,370.0,0.9973535316663624,0.9961664841182913,0.9870967741935484,0.9548387096774194
FIE00146688,FI,FI,Finland,INARI IVALO LENTOASEMA,68.6069,27.4181,147.0,0.9954371235626939,1.0,0.9795698924731183,1.0
FIE00146698,FI,FI,Finland,UTSJOKI KEVO,69.7556,27.0119,107.0,0.9990874247125388,1.0,0.9944444444444445,1.0
FIE00146703,FI,FI,Finland,UTSJOKI NUORGAM,70.0814,27.9006,22.0,0.994707063332725,0.9994523548740416,0.9655913978494624,0.9935483870967742
FR000007130,FR,FR,France,RENNES-ST JACQUES,48.0689,-1.7339,36.0,0.9919693374703413,0.9939759036144579,0.9709677419354839,0.9612903225806452
FR000007190,FR,FR,France,STRASBOURG-ENTZHEIM,48.5492,7.6403,150.0,0.9821135243657602,0.9852135815991238,0.9301075268817204,0.9533333333333334
FR000007255,FR,FR,France,BOURGES,47.0592,2.3594,161.0,0.9865851432743201,0.9901423877327492,0.9526881720430107,0.9612903225806452
FR000007510,FR,FR,France,BORDEAUX-MERIGNAC,44.8306,0.6914,47.0,0.990235444424165,0.9934282584884995,0.964516129032258,0.9612903225806452
FR000007630,FR,FR,France,TOULOUSE-BLAGNAC,43.6208,1.3789,151.0,0.9833911297682059,0.9912376779846659,0.9559139784946237,0.9741935483870968
FR000007650,FR,FR,France,MARSEILLES-MARIGNANE,43.4378,5.2158,9.0,0.9930644278152948,0.9945235487404163,0.9811111111111112,0.9741935483870968
FR000007747,FR,FR,France,PERPIGNAN,42.7369,2.8728,42.0,0.9926081401715642,0.9934282584884995,0.9827956989247312,0.9741935483870968
FR069029001,FR,FR,France,LYON - ST EXUPERY,45.7264,5.0778,235.0,0.9727139989049096,0.975355969331873,0.9225806451612903,0.9290322580645162
FRE00104036,FR,FR,France,ABBEVILLE,50.1358,1.8339,69.0,0.9835736448256981,0.9819277108433735,0.9376344086021505,0.9419354838709677
FRE00104040,FR,FR,France,LILLE-LESQUIN,50.57,3.0975,47.0,0.982661069538237,0.9791894852135816,0.9247311827956989,0.9533333333333334
FRE00104044,FR,FR,France,CAEN-CARPIQUET,49.18,0.4558,67.0,0.9894141266654499,0.9912376779846659,0.9516129032258065,0.9483870967741935
FRE00104052,FR,FR,France,ALENCON-VALFRAMBERT,48.4456,0.1103,143.0,0.9876802336192736,0.9934282584884995,0.953763440860215,0.9483870967741935
FRE00104072,FR,FR,France,DIJON-LONGVIC,47.2678,5.0881,219.0,0.9859463405730973,0.9824753559693319,0.9505376344086022,0.9354838709677419
FRE00104088,FR,FR,France,POITIERS - BIARD,46.5939,0.3142,123.0,0.9876802336192736,0.9923329682365827,0.9419354838709677,0.9733333333333334
FRE00104092,FR,FR,France,CLERMONT-FERRAND,45.7867,3.1492,331.0,0.9818397517795218,0.9912376779846659,0.9376344086021505,0.9483870967741935
FRE00104112,FR,FR,France,EMBRUN,44.5656,6.5019,871.0,0.9970797590801241,0.9978094194961665,0.9888888888888889,0.9866666666666667
FRE00104116,FR,FR,France,TARBES - OSSUN,43.1881,0.0,360.0,0.9897791567804344,0.9901423877327492,0.9774193548387097,0.9483870967741935
FRE00104120,FR,FR,France,NICE,43.6489,7.2089,2.0,0.9989049096550465,1.0,0.9952830188679245,1.0
FRE00104124,FR,FR,France,BASTIA,42.5406,9.4853,10.0,0.9979923343675853,1.0,0.9935483870967742,1.0
FRE00104484,FR,FR,France,BREST-GUIPAVAS,48.4442,-4.4117,94.0,0.9933382004015331,0.9890470974808324,0.9806451612903225,0.9612903225806452
FRE00104907,FR,FR,France,MONTELIMAR,44.5808,4.7331,73.0,0.9893228691367038,0.9912376779846659,0.9634408602150538,0.9612903225806452
FRE00104937,FR,FR,France,PTE DE LA HAGUE,49.7253,-1.9394,6.0,0.9898704143091805,0.9923329682365827,0.9688172043010753,0.9612903225806452
FRE00106184,FR,FR,France,ROUEN - BOOS,49.3831,1.1817,151.0,0.9863113706880817,0.9890470974808324,0.9483870967741935,0.9612903225806452
FRE00106190,FR,FR,France,TOURS,47.4442,0.7269,108.0,0.9866764008030663,0.9890470974808324,0.9376344086021505,0.9354838709677419
FRE00106192,FR,FR,France,BASEL-MULHOUSE,47.6142,7.51,263.0,0.9846687351706516,0.9890470974808324,0.9494623655913978,0.9612903225806452
FRE00106195,FR,FR,France,LIMOGES - BELLEGARDE,45.8608,1.175,402.0,0.9817484942507757,0.9835706462212487,0.9376344086021505,0.9574468085106383
FRE00106196,FR,FR,France,LE PUY - LOUDES,45.0742,3.7639,833.0,0.9837561598831903,0.9835706462212487,0.9451612903225807,0.96
FRE00106200,FR,FR,France,MILLAU,44.1183,3.0183,712.0,0.9830260996532214,0.9868565169769989,0.9580645161290322,0.96
FRE00106203,FR,FR,France,MONT-DE-MARSAN,43.9094,0.5003,59.0,0.9908742471253879,0.9934282584884995,0.964516129032258,0.9741935483870968
FRE00106205,FR,FR,France,ST-GIRONS,43.0053,1.1067,414.0,0.989505384194196,0.9956188389923329,0.9752358490566038,0.9741935483870968
FRE00106207,FR,FR,France,MONTPELLIER-AEROPORT,43.5767,3.9631,2.0,0.9968972440226319,0.9978094194961665,0.9870967741935484,0.9870967741935484
FRE00106209,FR,FR,France,AJACCIO,41.9181,8.7928,5.0,0.9989049096550465,1.0,0.9956989247311828,1.0
FRE00171619,FR,FR,France,TROYES-BARBEREY,48.3244,4.0197,112.0,0.9877714911480198,0.9874041621029573,0.943010752688172,0.9419354838709677
FRE00171623,FR,FR,France,PTE DE CHASSIRON,46.0467,-1.4117,11.0,0.9825698120094908,0.9868565169769989,0.9354838709677419,0.967741935483871
FRE00171627,FR,FR,France,PLOUMANAC'H,48.8256,-3.4731,55.0,0.990235444424165,0.988499452354874,0.9602150537634409,0.96
FRE00171632,FR,FR,France,NANCY-OCHEY,48.5808,5.9594,336.0,0.9765468151122467,0.9808324205914567,0.9032258064516129,0.9483870967741935
FRM00007149,FR,FR,France,ORLY,48.7167,2.3842,89.0,0.9870414309180507,0.9912376779846659,0.9483870967741935,0.9716312056737588
FRM00007207,FR,FR,France,BELLE ILE - LE TALUT,47.2942,-3.2181,34.0,0.9893228691367038,0.9874041621029573,0.956989247311828,0.9548387096774194
FRM00007222,FR,FR,France,NANTES-BOUGUENAIS,47.15,-1.6089,26.0,0.9919693374703413,0.9956188389923329,0.9612903225806452,0.9741935483870968
FRM00007535,FR,FR,France,GOURDON,44.745,1.3967,260.0,0.9888665814929731,0.9879518072289156,0.967741935483871,0.9354838709677419
GM000001474,GM,DE,Germany,BREMEN-SEEFAHRTSCHULE,53.1017,8.7842,4.0,1.0,1.0,1.0,1.0
GM000003038,GM,DE,Germany,SCHWERIN,53.6442,11.3883,59.0,1.0,1.0,1.0,1.0
GM000003319,GM,DE,Germany,BERLIN-DAHLEM,52.4639,13.3017,51.0,1.0,0.9912376779846659,1.0,0.896774193548387
GM000003342,GM,DE,Germany,POTSDAM,52.3833,13.0639,81.0,1.0,1.0,1.0,1.0
GM000004063,GM,DE,Germany,BAMBERG,49.8753,10.9217,240.0,1.0,0.9967141292442497,1.0,0.96
GM000004155,GM,DE,Germany,ZUGSPITZE,47.4219,10.9867,2964.0,0.9996349698850155,1.0,0.9966666666666667,1.0
GM000004199,GM,DE,Germany,MUNCHEN-NYMPHENBURG,48.1667,11.5025,515.0,1.0,1.0,1.0,1.0
GM000004204,GM,DE,Germany,JENA STERNWARTE,50.9267,11.5842,155.0,1.0,1.0,1.0,1.0
GM000010147,GM,DE,Germany,HAMBURG FUHLSBUETTEL,53.635,9.99,11.0,1.0,1.0,1.0,1.0
GM000010393,GM,DE,Germany,LINDENBERG,52.2094,14.1203,98.0,1.0,1.0,1.0,1.0
GM000010962,GM,DE,Germany,HOHENPEISSENBERG,47.8017,11.0117,977.0,0.9998174849425078,1.0,0.9988888888888889,1.0
GME00102177,GM,DE,Germany,HELGOLAND,54.1764,7.8931,4.0,0.9998174849425078,0.9852135815991238,0.9977777777777778,0.8838709677419355
GME00102185,GM,DE,Germany,LIST/SYLT,55.0125,8.4125,26.0,0.9998174849425078,1.0,0.9978494623655914,1.0
GME00102193,GM,DE,Germany,SCHLESWIG,54.5289,9.5492,43.0,0.9999087424712538,1.0,0.9989247311827957,1.0
GME00102201,GM,DE,Germany,WESTERMARKELSDORF/FEHMARN,54.5294,11.0617,3.0,0.8139258988866581,1.0,0.7995283018867925,1.0
GME00102212,GM,DE,Germany,ROSTOCK-WARNEMUNDE,54.1817,12.0819,4.0,1.0,1.0,1.0,1.0
GME00102220,GM,DE,Germany,GREIFSWALD,54.0978,13.4075,2.0,1.0,1.0,1.0,1.0
GME00102244,GM,DE,Germany,HANNOVER,52.4656,9.6794,55.0,1.0,1.0,1.0,1.0
GME00102252,GM,DE,Germany,MAGDEBURG,52.1031,11.5842,76.0,1.0,0.9989047097480832,1.0,0.9858156028368794
GME00102268,GM,DE,Germany,DUSSELDORF,51.2969,6.77,37.0,1.0,1.0,1.0,1.0
GME00102292,GM,DE,Germany,LEIPZIG-SCHKEUDITZ,51.4358,12.2414,131.0,1.0,1.0,1.0,1.0
GME00102308,GM,DE,Germany,GORLITZ,51.1631,14.9531,238.0,1.0,1.0,1.0,1.0
GME00102332,GM,DE,Germany,MEININGEN,50.5625,10.3769,450.0,1.0,1.0,1.0,1.0
GME00102340,GM,DE,Germany,ERFURT-BINDERSLEBEN,50.9844,10.9631,316.0,1.0,1.0,1.0,1.0
GME00102348,GM,DE,Germany,FICHTELBERG,50.4292,12.9553,1213.0,0.999269939770031,1.0,0.9966666666666667,1.0
GME00102356,GM,DE,Germany,WURZBURG,49.7714,9.9589,268.0,1.0,1.0,1.0,1.0
GME00102364,GM,DE,Germany,HOF,50.3131,11.8775,565.0,1.0,1.0,1.0,1.0
GME00102372,GM,DE,Germany,SAARBRUCKEN/ENSHEIM,49.2142,7.1081,320.0,1.0,1.0,1.0,1.0
GME00102380,GM,DE,Germany,NURNBERG,49.5042,11.0567,314.0,1.0,1.0,1.0,1.0
GME00102388,GM,DE,Germany,STRAUBING,48.8283,12.5603,351.0,0.8932286913670378,1.0,0.8688888888888889,1.0
GME00102396,GM,DE,Germany,AUGSBURG,48.4264,10.9431,461.0,1.0,1.0,1.0,1.0
GME00102404,GM,DE,Germany,KONSTANZ,47.6781,9.1908,443.0,1.0,1.0,1.0,1.0
GME00102412,GM,DE,Germany,KEMPTEN,47.7242,10.3364,705.0,0.9997262274137616,1.0,0.9966666666666667,1.0
GME00111430,GM,DE,Germany,MUENSTER/OSNABRUECK (AIRPORT),52.1353,7.7,48.0,1.0,1.0,1.0,1.0
GME00111445,GM,DE,Germany,BERLIN-TEMPELHOF,52.4683,13.4039,48.0,1.0,1.0,1.0,1.0
GME00111457,GM,DE,Germany,ALTASTENBERG,51.1903,8.4681,839.0,0.9999087424712538,0.9978094194961665,0.9989247311827957,0.9716312056737588
GME00111474,GM,DE,Germany,TRIER-PETRISBERG,49.7492,6.6592,265.0,0.9995437123562694,0.9994523548740416,0.9946236559139785,0.9933333333333333
GME00111512,GM,DE,Germany,STUTTGART/ECHTERDINGEN,48.6892,9.2253,371.0,1.0,0.9572836801752465,1.0,0.8
GME00114621,GM,DE,Germany,BROCKEN,51.8,10.62,1142.0,0.9993611972987771,0.9972617743702081,0.9967741935483871,0.9733333333333334
GME00115771,GM,DE,Germany,STUTTGART-SCHNARRENBERG,48.8292,9.2008,314.0,0.9982661069538237,1.0,0.9924731182795699,1.0
GME00120934,GM,DE,Germany,FELDBERG/SCHWARZWALD,47.8756,8.0044,1490.0,0.9986311370688081,0.9950711938663745,0.9903225806451613,0.9741935483870968
GME00120946,GM,DE,Germany,FREUDENSTADT,48.4544,8.41,797.0,1.0,1.0,1.0,1.0
GME00120970,GM,DE,Germany,GERA-LEUMNITZ,50.8819,12.13,311.0,1.0,1.0,1.0,1.0
GME00120982,GM,DE,Germany,GIESSEN/WETTENBERG,50.6008,8.6506,203.0,1.0,0.9972617743702081,1.0,0.9666666666666667
GME00120994,GM,DE,Germany,ANGERMUNDE,53.0331,13.9931,54.0,1.0,1.0,1.0,1.0
GME00121006,GM,DE,Germany,GROSSER ARBER,49.1139,13.1353,1436.0,0.9982661069538237,0.9950711938663745,0.9903225806451613,0.9483870967741935
GME00121018,GM,DE,Germany,ARKONA,54.6817,13.4367,42.0,0.9995437123562694,0.9961664841182913,0.9946236559139785,0.9548387096774194
GME00121030,GM,DE,Germany,KIEL-HOLTENAU,54.3756,10.1439,27.0,0.8040700857820771,1.0,0.7655913978494624,1.0
GME00121042,GM,DE,Germany,KOLN-BONN,50.8658,7.1583,92.0,1.0,1.0,1.0,1.0
GME00121054,GM,DE,Germany,LAHR,48.3656,7.8289,155.0,0.888848329987224,1.0,0.8666666666666667,1.0
GME00121078,GM,DE,Germany,BAD LIPPSPRINGE,51.7867,8.8394,157.0,1.0,1.0,1.0,1.0
GME00121090,GM,DE,Germany,MARNITZ,53.3242,11.9333,81.0,0.9505384194196022,0.9945235487404163,0.93,0.9483870967741935
GME00121102,GM,DE,Germany,NORDERNEY,53.7139,7.1525,11.0,1.0,1.0,1.0,1.0
GME00121114,GM,DE,Germany,OBERSTDORF,47.3989,10.2767,806.0,0.9999087424712538,1.0,0.9988888888888889,1.0
GME00121126,GM,DE,Germany,OHRINGEN,49.2081,9.5183,276.0,1.0,1.0,1.0,1.0
GME00121138,GM,DE,Germany,REGENSBURG,49.0433,12.1031,365.0,1.0,1.0,1.0,1.0
GME00121162,GM,DE,Germany,STOTTEN,48.6667,9.8656,734.0,0.9998174849425078,1.0,0.9977777777777778,1.0
GME00121174,GM,DE,Germany,WASSERKUPPE,50.4978,9.9439,921.0,1.0,1.0,1.0,1.0
GME00121186,GM,DE,Germany,WEIDEN,49.6669,12.1856,440.0,1.0,1.0,1.0,1.0
GME00121258,GM,DE,Germany,COTTBUS,51.7775,14.3183,69.0,1.0,1.0,1.0,1.0
GME00121270,GM,DE,Germany,CUXHAVEN,53.8731,8.7067,5.0,0.999269939770031,1.0,0.9911111111111112,1.0
GME00121306,GM,DE,Germany,DOBERLUG-KIRCHHAIN,51.6467,13.5767,97.0,0.9975360467238548,1.0,0.9929245283018868,1.0
GME00121354,GM,DE,Germany,DRESDEN-HOSTERWITZ,51.0233,13.8494,114.0,0.8665814929731703,1.0,0.8333333333333334,1.0
GME00121402,GM,DE,Germany,BAD DURKHEIM,49.4728,8.1939,107.0,0.9583865668917686,1.0,0.9333333333333333,1.0
GME00121510,GM,DE,Germany,EBERSBERG-HALBING,48.1008,11.9883,592.0,0.9874064610330352,0.9950711938663745,0.9611111111111111,0.94
GME00121534,GM,DE,Germany,EBRACH,49.8531,10.5003,346.0,1.0,1.0,1.0,1.0
GME00121582,GM,DE,Germany,EICHSTATT-LANDERSHOFEN,48.8789,11.2358,384.0,0.8469611242927542,1.0,0.8322222222222222,1.0
GME00121654,GM,DE,Germany,ELLWANGEN-RINDELBACH,48.9903,10.1317,460.0,1.0,1.0,1.0,1.0
GME00121702,GM,DE,Germany,BAD-SOHL ELSTER,50.2717,12.2753,560.0,0.9364847599926994,1.0,0.9,1.0
GME00121714,GM,DE,Germany,ELZACH-FISNACHT,48.2019,8.1094,440.0,0.8388392042343493,1.0,0.8325471698113207,1.0
GME00121750,GM,DE,Germany,EMMENDINGEN-MUNDINGEN,48.1383,7.8356,201.0,0.9994524548275233,1.0,0.9946236559139785,1.0
GME00121846,GM,DE,Germany,ERFDE,54.3008,9.3169,18.0,1.0,1.0,1.0,1.0
GME00121882,GM,DE,Germany,MOHRENDORF-KLEINSEEBACH,49.6506,11.0083,268.0,1.0,1.0,1.0,1.0
GME00121930,GM,DE,Germany,ESCHWEGE,51.1844,10.065,170.0,1.0,1.0,1.0,1.0
GME00121966,GM,DE,Germany,ESLOHE,51.2553,8.1569,351.0,0.8386566891768571,0.9956188389923329,0.8064516129032258,0.9612903225806452
GME00121978,GM,DE,Germany,ESSEN-BREDENEY,51.4056,6.9683,150.0,1.0,1.0,1.0,1.0
GME00122002,GM,DE,Germany,WEILERSWIST-LOMMERSUM,50.7131,6.7917,146.0,0.9694287278700493,1.0,0.9658018867924528,1.0
GME00122038,GM,DE,Germany,KR.ROTTAL-INN FALKENBERG,48.4842,12.7256,472.0,0.983482387296952,1.0,0.9666666666666667,1.0
GME00122086,GM,DE,Germany,FICHTELBERG/OBERFRANKEN-HUTTST,49.9817,11.8392,657.0,1.0,1.0,1.0,1.0
GME00122326,GM,DE,Germany,BIRX/RHON,50.5317,10.0492,745.0,0.84988136521263,1.0,0.8333333333333334,1.0
GME00122362,GM,DE,Germany,FRANKFURT/MAIN-WESTEND,50.1281,8.6703,124.0,0.9916043073553568,1.0,0.9666666666666667,1.0
GME00122410,GM,DE,Germany,ALTOMUNSTER-MAISBRUNN,48.4067,11.3131,510.0,1.0,1.0,1.0,1.0
GME00122458,GM,DE,Germany,FREIBURG,48.0242,7.8353,236.0,0.9995437123562694,1.0,0.9977777777777778,1.0
GME00122482,GM,DE,Germany,FREIBURG/ELBE,53.8292,9.2494,2.0,1.0,0.9934282584884995,1.0,0.92
GME00122542,GM,DE,Germany,FRIESOYTHE-EDEWECHTERDAM,53.0894,7.9425,8.0,0.8075378718744296,0.9961664841182913,0.7944444444444444,0.9533333333333334
GME00122566,GM,DE,Germany,ALZEY,49.7281,8.1167,215.0,0.9718014236174485,0.9709748083242059,0.9602150537634409,0.8709677419354839
GME00122602,GM,DE,Germany,AMBERG-UNTERAMMERSRICHT,49.47,11.8558,383.0,1.0,1.0,1.0,1.0
GME00122626,GM,DE,Germany,FULDA,50.5344,9.6758,255.0,0.8102755977368132,1.0,0.7978494623655914,1.0
GME00122638,GM,DE,Germany,GARDELEGEN,52.5142,11.3978,47.0,0.994707063332725,1.0,0.9866666666666667,1.0
GME00122698,GM,DE,Germany,GEISENHEIM,49.985,7.9544,110.0,1.0,0.9967141292442497,1.0,0.9612903225806452
GME00122746,GM,DE,Germany,GELDERN-WALBECK,51.4956,6.2467,37.0,0.9999087424712538,1.0,0.9988888888888889,1.0
GME00122770,GM,DE,Germany,OHLSBACH,48.4339,7.9933,176.0,0.8834641357912028,1.0,0.8666666666666667,1.0
GME00122782,GM,DE,Germany,GENTHIN,52.3892,12.1633,35.0,0.978189450629677,1.0,0.9043010752688172,1.0
GME00122842,GM,DE,Germany,GILSERBERG-MOISCHEID,50.9664,9.0503,340.0,0.9835736448256981,0.9709748083242059,0.9333333333333333,0.8
GME00122902,GM,DE,Germany,GOTTINGEN,51.5017,9.9528,167.0,1.0,1.0,1.0,1.0
GME00122938,GM,DE,Germany,GRAFENBERG-KASBERG,49.665,11.2253,506.0,1.0,1.0,1.0,1.0
GME00122962,GM,DE,Germany,GRAINET-REHBERG,48.7903,13.6306,628.0,0.9972622741376164,1.0,0.9666666666666667,1.0
GME00122974,GM,DE,Germany,GRAMBEK,53.5744,10.6806,27.0,0.9998174849425078,1.0,0.9978494623655914,1.0
GME00123058,GM,DE,Germany,GROSS LUSEWITZ,54.0731,12.3256,34.0,0.9582040518342764,0.9868565169769989,0.9333333333333333,0.8903225806451613
GME00123142,GM,DE,Germany,GRUNOW,53.3167,13.9358,56.0,0.97599926993977,1.0,0.9166666666666666,1.0
GME00123190,GM,DE,Germany,ARNSTEIN-MUDESHEIM,49.9706,9.9125,220.0,0.9999087424712538,1.0,0.9989247311827957,1.0
GME00123226,GM,DE,Germany,OLSDORF,49.9325,6.3756,305.0,0.928636612520533,0.9550930996714129,0.9,0.8
GME00123274,GM,DE,Germany,HAMBURG-NEUWIEDENTHAL,53.4792,9.8983,3.0,1.0,0.9912376779846659,1.0,0.896774193548387
GME00123310,GM,DE,Germany,ARTERN,51.3756,11.2931,164.0,1.0,1.0,1.0,1.0
GME00123418,GM,DE,Germany,HARZGERODE,51.6531,11.1375,404.0,0.9875889760905274,1.0,0.9763440860215054,1.0
GME00123466,GM,DE,Germany,HECHINGEN,48.3758,8.9808,522.0,0.9975360467238548,1.0,0.9774193548387097,1.0
GME00123694,GM,DE,Germany,BAD HERSFELD,50.8531,9.7383,272.0,1.0,1.0,1.0,1.0
GME00123730,GM,DE,Germany,ATTENKAM,47.8781,11.3656,672.0,0.9999087424712538,1.0,0.9988888888888889,1.0
GME00123754,GM,DE,Germany,HIDDENSEE-VITTE,54.5767,13.1056,1.0,0.8083591896331447,0.976998904709748,0.7995283018867925,0.8
GME00123778,GM,DE,Germany,HILGENROTH,50.7381,7.6533,295.0,0.9970797590801241,1.0,0.9788888888888889,1.0
GME00123838,GM,DE,Germany,AUE,50.5917,12.7156,387.0,0.9943420332177405,1.0,0.99,1.0
GME00123934,GM,DE,Germany,HOHWACHT,54.3206,10.6742,10.0,1.0,1.0,1.0,1.0
GME00123970,GM,DE,Germany,HOLZKIRCHEN,47.8831,11.6975,685.0,1.0,1.0,1.0,1.0
GME00124318,GM,DE,Germany,KAHL/MAIN,50.0656,8.9942,107.0,0.9989049096550465,1.0,0.9858490566037735,1.0
GME00124366,GM,DE,Germany,KALL-SISTIG,50.5028,6.5267,505.0,1.0,1.0,1.0,1.0
GME00124486,GM,DE,Germany,KIRCHDORF/POEL,54.0008,11.4358,12.0,1.0,1.0,1.0,1.0
GME00124498,GM,DE,Germany,BADEN-BADEN-GEROLDSAU,48.7278,8.2467,240.0,1.0,1.0,1.0,1.0
GME00124510,GM,DE,Germany,BAD KISSINGEN,50.2256,10.0803,282.0,1.0,1.0,1.0,1.0
GME00124522,GM,DE,Germany,MULLHEIM,47.8069,7.6392,273.0,0.9055484577477642,1.0,0.8988888888888888,1.0
GME00124534,GM,DE,Germany,KITZINGEN,49.7369,10.1792,188.0,0.9888665814929731,1.0,0.9666666666666667,1.0
GME00124546,GM,DE,Germany,KLEINER FELDBERG/TAUNUS,50.2225,8.4481,826.0,0.9951633509764556,1.0,0.9774193548387097,1.0
GME00124570,GM,DE,Germany,KLEINER INSELSBERG,50.8469,10.4814,732.0,0.9995437123562694,1.0,0.9946236559139785,1.0
GME00124606,GM,DE,Germany,KLEVE,51.7625,6.0956,46.0,0.9677860923526191,1.0,0.956989247311828,1.0
GME00124678,GM,DE,Germany,BAD KONIGSHOFEN,50.2853,10.4467,288.0,1.0,0.9961664841182913,1.0,0.9733333333333334
GME00124726,GM,DE,Germany,KOSCHING,48.8308,11.4883,417.0,1.0,1.0,1.0,1.0
GME00124774,GM,DE,Germany,BAD KOHLGRUB (ROSSHOF),47.6658,11.0817,740.0,0.977459390399708,0.9956188389923329,0.9433333333333334,0.9483870967741935
GME00124810,GM,DE,Germany,KRONACH,50.2533,11.3219,312.0,1.0,1.0,1.0,1.0
GME00124930,GM,DE,Germany,MERKLINGEN,48.5131,9.7656,685.0,1.0,1.0,1.0,1.0
GME00125146,GM,DE,Germany,LECK,54.7925,8.9492,7.0,0.9962584413214091,1.0,0.9903225806451613,1.0
GME00125218,GM,DE,Germany,LEIPZIG-HOLZHAUSEN,51.3164,12.4475,138.0,0.9997262274137616,1.0,0.9978494623655914,1.0
GME00125230,GM,DE,Germany,LENNESTADT-THETEN,51.1344,8.0358,286.0,0.9995437123562694,0.9824753559693319,0.9944444444444445,0.84
GME00125314,GM,DE,Germany,LICHTENHAIN-MITTELNDORF,50.9394,14.2108,321.0,0.9999087424712538,1.0,0.9989247311827957,1.0
GME00125326,GM,DE,Germany,BARTH,54.3406,12.7106,3.0,0.9643183062602665,1.0,0.9477777777777778,1.0
GME00125422,GM,DE,Germany,LIPPSTADT-BOKENFORDE,51.6344,8.3953,92.0,1.0,1.0,1.0,1.0
GME00125434,GM,DE,Germany,BAD LOBENSTEIN,50.4519,11.6333,500.0,0.9981748494250776,1.0,0.978494623655914,1.0
GME00125530,GM,DE,Germany,LUBBEN-BLUMENFELDE,51.9281,13.8819,57.0,0.9746304070085782,1.0,0.9612903225806452,1.0
GME00125554,GM,DE,Germany,LUBECK-BLANKENSEE,53.8106,10.7067,5.0,0.9983573644825698,0.9972617743702081,0.9952830188679245,0.967741935483871
GME00125662,GM,DE,Germany,MAINZ-LERCHENBERG (ZDF),49.9681,8.2117,195.0,0.9971710166088702,0.8170865279299014,0.9666666666666667,0.7943262411347518
GME00125698,GM,DE,Germany,KR. BAUTZEN KUBSCHUTZ,51.1617,14.5056,232.0,0.9908742471253879,1.0,0.9655555555555555,1.0
GME00125710,GM,DE,Germany,MANDERSCHEID-SONNENHOF,50.1028,6.8019,413.0,0.9934294579302793,1.0,0.9666666666666667,1.0
GME00125794,GM,DE,Germany,MARTINRODA,50.7344,10.8831,430.0,1.0,1.0,1.0,1.0
GME00125806,GM,DE,Germany,HEINERSREUTH-VOLLHOF,49.9678,11.5208,350.0,1.0,1.0,1.0,1.0
GME00125914,GM,DE,Germany,MEMMINGEN,47.9831,10.1392,615.0,0.9971710166088702,1.0,0.9666666666666667,1.0
GME00126010,GM,DE,Germany,METTEN,48.8556,12.9203,313.0,1.0,1.0,1.0,1.0
GME00126046,GM,DE,Germany,MICHELSTADT,49.67,9.0119,240.0,1.0,1.0,1.0,1.0
GME00126058,GM,DE,Germany,MICHELSTADT-VIELBRUNN,49.7189,9.1006,453.0,1.0,1.0,1.0,1.0
GME00126070,GM,DE,Germany,SCHMIERITZ-WELTWITZ,50.7294,11.7856,349.0,0.9055484577477642,1.0,0.8997641509433962,1.0
GME00126118,GM,DE,Germany,BEERFELDEN,49.5628,8.9689,450.0,0.9905092170104034,1.0,0.9666666666666667,1.0
GME00126190,GM,DE,Germany,MORINGEN-LUTTERBECK,51.7217,9.8358,240.0,0.9614893228691367,0.9967141292442497,0.9455555555555556,0.9574468085106383
GME00126226,GM,DE,Germany,MUHLDORF,48.28,12.5039,405.0,1.0,1.0,1.0,1.0
GME00126250,GM,DE,Germany,MUNCHEBERG,52.5189,14.125,63.0,0.9888665814929731,1.0,0.9658018867924528,1.0
GME00126322,GM,DE,Germany,MUNSINGEN-APFELSTETTEN,48.3864,9.4842,750.0,1.0,1.0,1.0,1.0
GME00126358,GM,DE,Germany,BAD MUSKAU,51.5675,14.7006,125.0,0.8666727505019164,1.0,0.8666666666666667,1.0
GME00126394,GM,DE,Germany,BAD NAUHEIM,50.3694,8.7656,142.0,0.8832816207337105,1.0,0.8666666666666667,1.0
GME00126430,GM,DE,Germany,NEUBURG/KAMMEL-LANGENHASLACH,48.3125,10.3781,495.0,0.9862201131593357,1.0,0.9666666666666667,1.0
GME00126466,GM,DE,Germany,BAD-AHRWEILER NEUENAHR,50.5356,7.0853,111.0,0.9885015513779887,0.9282584884994524,0.9494623655913978,0.8
GME00126490,GM,DE,Germany,NEUHAUS AM RENNWEG,50.5014,11.1356,845.0,0.9997262274137616,1.0,0.9967741935483871,1.0
GME00126526,GM,DE,Germany,NEUKIRCHEN-HAUPTSCHWENDA,50.8933,9.4064,500.0,0.9997262274137616,1.0,0.9967741935483871,1.0
GME00126586,GM,DE,Germany,NEUNKIRCHEN-WELLESWEILER,49.3444,7.2303,236.0,0.8778061690089433,1.0,0.8333333333333334,1.0
GME00126742,GM,DE,Germany,NIENBURG,52.6725,9.2242,25.0,0.9970797590801241,0.8992332968236583,0.9709677419354839,0.8
GME00126754,GM,DE,Germany,REIMLINGEN,48.8264,10.5078,435.0,1.0,1.0,1.0,1.0
GME00126838,GM,DE,Germany,NURNBERG-NETZSTALL,49.4267,11.2553,368.0,0.9693374703413031,0.9912376779846659,0.9658018867924528,0.8933333333333333
GME00126874,GM,DE,Germany,KIEFERSFELDEN-GACH,47.6192,12.1681,518.0,0.8330899799233437,1.0,0.8,1.0
GME00126946,GM,DE,Germany,OBERVIECHTACH,49.4531,12.4381,596.0,1.0,1.0,1.0,1.0
GME00127030,GM,DE,Germany,BAD BERGZABERN,49.1081,7.9969,252.0,0.9412301514874977,1.0,0.9327830188679245,1.0
GME00127090,GM,DE,Germany,OSTERFELD,51.0883,11.9314,246.0,0.9661434568351889,1.0,0.9419354838709677,1.0
GME00127114,GM,DE,Germany,OSTHEIM V.D. RHON,50.455,10.2219,312.0,0.8279795583135608,0.9994523548740416,0.8,0.9933333333333333
GME00127174,GM,DE,Germany,PARSBERG/OBERPFALZ-EGLWANG,49.1517,11.6908,549.0,0.9970797590801241,1.0,0.9666666666666667,1.0
GME00127258,GM,DE,Germany,BAD-STUNZEL BERLEBURG,50.985,8.3689,610.0,1.0,1.0,1.0,1.0
GME00127318,GM,DE,Germany,PFULLENDORF,47.9353,9.2878,630.0,0.9249863113706881,1.0,0.9,1.0
GME00127354,GM,DE,Germany,PLAUEN,50.4831,12.1317,386.0,0.9906917320678956,1.0,0.9823113207547169,1.0
GME00127438,GM,DE,Germany,BERLIN-BUCH,52.6325,13.5039,60.0,0.9832086147107136,1.0,0.9633333333333334,1.0
GME00127462,GM,DE,Germany,PUTBUS,54.3656,13.4783,40.0,0.9143091805073918,0.9961664841182913,0.8855555555555555,0.9548387096774194
GME00127534,GM,DE,Germany,QUICKBORN,53.7344,9.8783,13.0,0.9054572002190181,1.0,0.8806451612903226,1.0
GME00127558,GM,DE,Germany,RAHDEN-VARL,52.4481,8.5731,42.0,0.9994524548275233,1.0,0.9933333333333333,1.0
GME00127618,GM,DE,Germany,KR. RAVENSBURG WEINGARTEN,47.8069,9.6217,440.0,1.0,1.0,1.0,1.0
GME00127750,GM,DE,Germany,RHEINAU-MEMPRECHTSHOFEN,48.6708,7.9956,131.0,1.0,1.0,1.0,1.0
GME00127786,GM,DE,Germany,RHEINFELDEN,47.5633,7.7942,287.0,0.9500821317758715,1.0,0.9327830188679245,1.0
GME00127906,GM,DE,Germany,ROTENBURG (WUMME),53.1303,9.3406,32.0,0.8356451907282351,1.0,0.8301075268817204,1.0
GME00127930,GM,DE,Germany,BERLIN-SCHONEFELD,52.3819,13.5325,46.0,1.0,1.0,1.0,1.0
GME00127954,GM,DE,Germany,ROTHENBURG OB DER TAUBER,49.3856,10.1742,415.0,1.0,1.0,1.0,1.0
GME00128002,GM,DE,Germany,ROTTWEIL,48.1819,8.6358,588.0,0.9554663259718926,1.0,0.9333333333333333,1.0
GME00128014,GM,DE,Germany,BAD KREUZNACH,49.8517,7.8725,102.0,0.9776419054572002,0.976998904709748,0.9333333333333333,0.8193548387096774
GME00128038,GM,DE,Germany,RUPPERTSECKEN,49.6478,7.8842,461.0,1.0,1.0,1.0,1.0
GME00128110,GM,DE,Germany,SACHSENHEIM,48.9578,9.0719,248.0,1.0,1.0,1.0,1.0
GME00128134,GM,DE,Germany,SALDENBURG-ENTSCHENREUTH,48.7842,13.3158,456.0,1.0,0.9961664841182913,1.0,0.9716312056737588
GME00128182,GM,DE,Germany,BAD SALZUFLEN,52.1056,8.7531,135.0,1.0,0.9972617743702081,1.0,0.967741935483871
GME00128206,GM,DE,Germany,SANDBERG,50.3531,10.0042,510.0,1.0,1.0,1.0,1.0
GME00128218,GM,DE,Germany,SANKT PETER-ORDING,54.3294,8.6028,5.0,1.0,1.0,1.0,1.0
GME00128266,GM,DE,Germany,SCHAAFHEIM-SCHLIERBACH,49.9203,8.9681,155.0,1.0,1.0,1.0,1.0
GME00128350,GM,DE,Germany,SCHIERKE,51.7667,10.655,609.0,1.0,1.0,1.0,1.0
GME00128362,GM,DE,Germany,BERNBURG/SAALE (NORD),51.8231,11.7114,84.0,0.9988136521263005,1.0,0.9913978494623656,1.0
GME00128374,GM,DE,Germany,SCHLEIZ,50.5706,11.8056,501.0,0.9843949625844132,1.0,0.967741935483871,1.0
GME00128422,GM,DE,Germany,SCHLUCHTERN-HEROLZ,50.3456,9.555,230.0,0.9695199853987954,1.0,0.9327830188679245,1.0
GME00128482,GM,DE,Germany,GROSSENKNETEN,52.935,8.2356,44.0,0.9989049096550465,1.0,0.9866666666666667,1.0
GME00128494,GM,DE,Germany,SCHMUCKE,50.6556,10.7708,937.0,0.9975360467238548,0.9424972617743702,0.9903225806451613,0.8
GME00128506,GM,DE,Germany,SCHNEIFELFORSTHAUS,50.3,6.4169,649.0,1.0,1.0,1.0,1.0
GME00128650,GM,DE,Germany,SCHWANDORF,49.3289,12.0883,356.0,1.0,1.0,1.0,1.0
GME00128686,GM,DE,Germany,SCHWARZBURG,50.6456,11.1944,277.0,0.9946158058039788,0.9978094194961665,0.9666666666666667,0.9741935483870968
GME00128734,GM,DE,Germany,SEEHAUSEN,52.8928,11.7306,21.0,1.0,1.0,1.0,1.0
GME00128758,GM,DE,Germany,SEESEN,51.9056,10.19,186.0,1.0,1.0,1.0,1.0
GME00128818,GM,DE,Germany,SIGMARINGEN-LAIZ,48.0728,9.1953,580.0,0.9998174849425078,1.0,0.9988888888888889,1.0
GME00128830,GM,DE,Germany,SIGMARSZELL-ZEISERTSWEILER,47.5783,9.7417,507.0,0.9900529293666728,1.0,0.9666666666666667,1.0
GME00128854,GM,DE,Germany,SIMBACH/INN,48.2728,13.0289,360.0,1.0,1.0,1.0,1.0
GME00128866,GM,DE,Germany,SIMMERN-WAHLBACH,50.0017,7.5969,437.0,0.9666910020076657,1.0,0.9666666666666667,1.0
GME00128914,GM,DE,Germany,SOLTAU,52.9617,9.7967,76.0,0.9987223945975543,1.0,0.9967741935483871,1.0
GME00128962,GM,DE,Germany,SONTRA,51.0617,9.9275,365.0,0.8242379996349699,0.9835706462212487,0.8,0.864516129032258
GME00129070,GM,DE,Germany,MITTELNKIRCHEN-HOHENFELDE,53.5528,9.6092,1.0,0.9696112429275415,0.9956188389923329,0.9333333333333333,0.9483870967741935
GME00129166,GM,DE,Germany,TANN/RHON,50.6394,10.0231,395.0,0.9305530206242015,1.0,0.9,1.0
GME00129202,GM,DE,Germany,TETEROW,53.7625,12.5581,38.0,0.9783719656871692,1.0,0.9505376344086022,1.0
GME00129214,GM,DE,Germany,WORPSWEDE-HUTTENBUSCH,53.2775,8.9867,7.0,1.0,1.0,1.0,1.0
GME00129226,GM,DE,Germany,TEUSCHNITZ,50.4014,11.3903,633.0,1.0,1.0,1.0,1.0
GME00129250,GM,DE,Germany,THOLEY,49.4744,7.0392,386.0,0.9960759262639167,0.9906900328587076,0.99,0.9290322580645162
GME00129298,GM,DE,Germany,TIRSCHENREUTH-LODERMUHL,49.8589,12.3556,500.0,0.8223215915313014,1.0,0.7995283018867925,1.0
GME00129346,GM,DE,Germany,TONISVORST,51.2908,6.445,37.0,0.9959846687351707,1.0,0.9666666666666667,1.0
GME00129418,GM,DE,Germany,TRIBSEES,54.0681,12.7689,10.0,0.9973535316663624,1.0,0.9870967741935484,1.0
GME00129478,GM,DE,Germany,TROSTBERG,48.0317,12.5408,559.0,1.0,1.0,1.0,1.0
GME00129550,GM,DE,Germany,UECKERMUNDE,53.7458,14.0694,1.0,0.9422339843037051,1.0,0.9327830188679245,1.0
GME00129598,GM,DE,Germany,UMMENDORF,52.1617,11.1767,162.0,0.9501733893046176,1.0,0.9077777777777778,1.0
GME00129634,GM,DE,Germany,VILLINGEN-SCHWENNINGEN,48.0458,8.4617,720.0,1.0,1.0,1.0,1.0
GME00129718,GM,DE,Germany,WAGHAUSEL-KIRRLACH,49.2456,8.5381,105.0,1.0,1.0,1.0,1.0
GME00129742,GM,DE,Germany,WAHLSBURG-LIPPOLDSBERG,51.6194,9.5769,176.0,0.9842124475269209,0.984118291347207,0.9533333333333334,0.8666666666666667
GME00129754,GM,DE,Germany,WITTENBORN,53.9214,10.2306,39.0,1.0,1.0,1.0,1.0
GME00129814,GM,DE,Germany,WALDEMS-REINBORN,50.2608,8.3608,380.0,0.8500638802701223,1.0,0.8325471698113207,1.0
GME00129898,GM,DE,Germany,WAREN,53.5214,12.6692,70.0,0.8611972987771491,1.0,0.8322222222222222,1.0
GME00129910,GM,DE,Germany,BLANKENRATH,50.0367,7.3056,417.0,0.8970615075743749,1.0,0.8666666666666667,1.0
GME00130054,GM,DE,Germany,WEISKIRCHEN/SAAR,49.555,6.8125,380.0,0.9916955648841029,0.9890470974808324,0.9666666666666667,0.8866666666666667
GME00130186,GM,DE,Germany,WERNIGERODE,51.8478,10.7694,234.0,0.9621281255703595,0.9901423877327492,0.9268817204301075,0.9354838709677419
GME00130258,GM,DE,Germany,WIESBADEN-AURINGEN,50.1331,8.3178,263.0,1.0,1.0,1.0,1.0
GME00130282,GM,DE,Germany,WIESENBURG,52.1219,12.46,187.0,0.994707063332725,1.0,0.9922222222222222,1.0
GME00130402,GM,DE,Germany,WITTENBERG,51.8903,12.6464,105.0,0.9994524548275233,1.0,0.9977777777777778,1.0
GME00130486,GM,DE,Germany,WOLFACH,48.2958,8.24,291.0,1.0,1.0,1.0,1.0
GME00130534,GM,DE,Germany,WORMS,49.6056,8.3667,88.0,0.9721664537324329,0.9857612267250822,0.9658018867924528,0.8774193548387097
GME00130582,GM,DE,Germany,WUPPERTAL-BUCHENHOFEN,51.2258,7.1058,130.0,0.9993611972987771,1.0,0.9924731182795699,1.0
GME00130618,GM,DE,Germany,WUTOSCHINGEN-OFTERINGEN,47.6789,8.3806,398.0,0.9971710166088702,1.0,0.9666666666666667,1.0
GME00130642,GM,DE,Germany,ZEHDENICK,52.9681,13.3281,51.0,0.9989049096550465,1.0,0.9911111111111112,1.0
GME00130654,GM,DE,Germany,ZEITZ,51.0539,12.1442,170.0,0.9971710166088702,1.0,0.9666666666666667,1.0
GME00130702,GM,DE,Germany,ZINNWALD-GEORGENFELD,50.7328,13.7531,877.0,0.9995437123562694,0.9994523548740416,0.9946236559139785,0.9935483870967742
GME00130726,GM,DE,Germany,LICHTENTANNE,50.6892,12.4342,353.0,0.8333637525095821,1.0,0.8333333333333334,1.0
GME00130786,GM,DE,Germany,BERGE,52.6206,12.7889,40.0,0.9991786822412849,1.0,0.9903225806451613,1.0
GME00130870,GM,DE,Germany,BOIZENBURG,53.3931,10.6892,45.0,0.9700675305712722,1.0,0.9588888888888889,1.0
GME00130918,GM,DE,Germany,REIT IM WINKL,47.6758,12.4708,685.0,0.8872969519985399,0.8493975903614458,0.8666666666666667,0.8
GME00131146,GM,DE,Germany,DORPEN,52.9553,7.3192,8.0,0.9972622741376164,0.9945235487404163,0.9666666666666667,0.9290780141843972
GME00131674,GM,DE,Germany,BRAUNSCHWEIG,52.2903,10.4483,81.0,1.0,1.0,1.0,1.0
GME00132202,GM,DE,Germany,ALDERSBACH-KRIESTORF,48.6167,13.0519,340.0,1.0,0.9945235487404163,1.0,0.9333333333333333
GME00132334,GM,DE,Germany,KR. NECKAR-ODENWALD BUCHEN,49.5192,9.3225,340.0,1.0,1.0,1.0,1.0
GME00132346,GM,DE,Germany,BUCHENBACH,47.9631,7.9989,445.0,1.0,1.0,1.0,1.0
GME00132430,GM,DE,Germany,ALFHAUSEN,52.4864,7.9128,65.0,1.0,1.0,1.0,1.0
GME00132466,GM,DE,Germany,BURGWALD-BOTTENDORF,51.0317,8.8156,293.0,0.9886840664354809,1.0,0.9666666666666667,1.0
GME00132490,GM,DE,Germany,CARLSFELD,50.4319,12.6128,897.0,0.9963496988501551,1.0,0.9877777777777778,1.0
GME00132538,GM,DE,Germany,CHEMNITZ,50.7925,12.8733,418.0,1.0,1.0,1.0,1.0
GME00132586,GM,DE,Germany,LAUTERTAL-OBERLAUTER,50.3081,10.9692,345.0,0.9958021536776784,1.0,0.99,1.0
GME00132634,GM,DE,Germany,DACHWIG,51.0783,10.8639,170.0,1.0,1.0,1.0,1.0
GME00132682,GM,DE,Germany,ALSFELD-EIFA,50.7456,9.3467,300.0,0.9971710166088702,1.0,0.9666666666666667,1.0
GME00132730,GM,DE,Germany,DEUSELBACH,49.7631,7.0556,481.0,0.9783719656871692,1.0,0.9612903225806452,1.0
GME00132838,GM,DE,Germany,DIPPOLDISWALDE-REINBERG,50.9181,13.7144,365.0,0.9900529293666728,1.0,0.9666666666666667,1.0
GMM00010129,GM,DE,Germany,BREMERHAVEN,53.5344,8.5769,7.0,0.9993611972987771,0.9967141292442497,0.9944444444444445,0.9612903225806452
GMM00010161,GM,DE,Germany,BOLTENHAGEN,54.0042,11.1919,15.0,1.0,1.0,1.0,1.0
GMM00010168,GM,DE,Germany,GOLDBERG,53.6069,12.1042,58.0,0.9265376893593722,1.0,0.9,1.0
GMM00010253,GM,DE,Germany,LUCHOW,52.9739,11.1392,17.0,0.9854900529293666,1.0,0.9612903225806452,1.0
GMM00010267,GM,DE,Germany,KYRITZ,52.9381,12.4106,40.0,0.9648658514327432,0.9994523548740416,0.95,0.9929078014184397
GMM00010321,GM,DE,Germany,DIEPHOLZ,52.5903,8.3464,39.0,0.9999087424712538,1.0,0.9989247311827957,1.0
GMM00010396,GM,DE,Germany,MANSCHNOW,52.5481,14.5475,12.0,0.9884102938492426,1.0,0.9580645161290322,1.0
GMM00010449,GM,DE,Germany,LEINEFELDE,51.3853,10.3017,356.0,0.9993611972987771,1.0,0.9924731182795699,1.0
GMM00010452,GM,DE,Germany,BRAUNLAGE,51.725,10.6039,607.0,0.992516882642818,0.9994523548740416,0.986021505376344,0.9935483870967742
GMM00010480,GM,DE,Germany,OSCHATZ,51.2969,13.0944,150.0,1.0,1.0,1.0,1.0
GMM00010526,GM,DE,Germany,BAD MARIENBERG,50.6631,7.9594,547.0,0.9998174849425078,0.9939759036144579,0.9978494623655914,0.9612903225806452
GMM00010579,GM,DE,Germany,MARIENBERG,50.6519,13.1483,639.0,0.987954006205512,1.0,0.9688888888888889,1.0
GMM00010704,GM,DE,Germany,BERUS,49.2653,6.6878,363.0,0.9895966417229421,1.0,0.98,1.0
GMM00010724,GM,DE,Germany,WEINBIET,49.3767,8.1225,553.0,1.0,1.0,1.0,1.0
GMM00010761,GM,DE,Germany,WEISSENBURG,49.0203,10.9617,422.0,1.0,1.0,1.0,1.0
GMM00010818,GM,DE,Germany,KLIPPENECK,48.1064,8.7556,973.0,0.9928819127578025,1.0,0.9817204301075269,1.0
GMM00010863,GM,DE,Germany,WEIHENSTEPHAN-DURNAST,48.4031,11.6956,477.0,0.861836101478372,1.0,0.8333333333333334,1.0
GMM00010870,GM,DE,Germany,SCHWAIGERMOOS,48.3667,11.8,444.0,0.963953276145282,1.0,0.9481132075471698,1.0
GMM00010963,GM,DE,Germany,GARMISCH-PARTENKIRCHEN,47.4839,11.0633,719.0,0.9985398795400621,1.0,0.9955555555555555,1.0
GMW00034068,GM,DE,Germany,COLEMAN,49.5667,8.4667,96.0,1.0,1.0,1.0,1.0
GMW00035032,GM,DE,Germany,RHEIN MAIN,50.0333,8.5833,112.2,1.0,1.0,1.0,1.0
HRE00105217,HR,HR,Croatia,SPLIT MARJAN,43.5167,16.4331,122.0,1.0,0.8072289156626506,1.0,0.7870967741935484
HUE00100247,HU,HU,Hungary,BUDAPEST,47.5108,19.0206,153.0,1.0,1.0,1.0,1.0
HUE00152455,HU,HU,Hungary,SZOMBATHELY,47.1981,16.6478,201.0,0.9999087424712538,1.0,0.9988207547169812,1.0
LU000006590,LU,LU,Luxembourg,LUXEMBOURG AIRPORT,49.6258,6.2033,376.0,0.9970797590801241,0.9676889375684556,0.9666666666666667,0.8
NLE00113730,NL,NL,Netherlands,LICHTEILAND_GOEREE,51.9256,3.67,23.0,0.9824785544807446,0.9967141292442497,0.96,0.9741935483870968
NLE00152470,NL,NL,Netherlands,EELDE,53.1233,6.5844,5.0,1.0,1.0,1.0,1.0
NLE00152473,NL,NL,Netherlands,MARKNESSE,52.7017,5.8875,-3.0,0.9996349698850155,1.0,0.9967741935483871,1.0
NLE00152474,NL,NL,Netherlands,LAUWERSOOG,53.4117,6.1992,3.0,0.9927906552290564,1.0,0.9666666666666667,1.0
NLE00152476,NL,NL,Netherlands,CABAUW,51.9692,4.9256,-1.0,0.9997262274137616,1.0,0.9989247311827957,1.0
NLE00152477,NL,NL,Netherlands,VOLKEL,51.6581,5.7067,20.0,0.9998174849425078,1.0,0.9989247311827957,1.0
NLE00152479,NL,NL,Netherlands,HEINO,52.4342,6.2589,4.0,0.9931556853440409,1.0,0.9655913978494624,1.0
NLE00152480,NL,NL,Netherlands,HUPSEL,52.0678,6.6567,29.0,0.9998174849425078,1.0,0.9989247311827957,1.0
NLE00152481,NL,NL,Netherlands,ARCEN,51.4969,6.1958,20.0,0.9996349698850155,0.9490690032858707,0.9977777777777778,0.8
NLE00152482,NL,NL,Netherlands,HERWIJNEN,51.8578,5.1453,1.0,0.9998174849425078,0.9978094194961665,0.9989247311827957,0.9741935483870968
NLE00152484,NL,NL,Netherlands,WILHELMINADORP,51.5256,3.8833,2.0,0.8654864026282169,0.9978094194961665,0.8333333333333334,0.9733333333333334
NLE00152485,NL,NL,Netherlands,SCHIPHOL,52.3156,4.7903,-3.0,0.9998174849425078,1.0,0.9989247311827957,1.0
NLE00152488,NL,NL,Netherlands,STAVOREN,52.8967,5.3831,-1.0,0.9893228691367038,1.0,0.9655913978494624,1.0
NLE00152489,NL,NL,Netherlands,LELYSTAD,52.4569,5.5194,-4.0,0.9997262274137616,1.0,0.9978494623655914,1.0
NLE00152490,NL,NL,Netherlands,ROTTERDAM,51.9606,4.4467,-4.0,0.9998174849425078,1.0,0.9989247311827957,1.0
NLE00152491,NL,NL,Netherlands,GILZE-RIJEN,51.565,4.9353,11.0,0.9998174849425078,1.0,0.9989247311827957,1.0
NLE00152494,NL,NL,Netherlands,HOEK VAN HOLLAND,51.9908,4.1217,12.0,0.9607592626391678,1.0,0.932258064516129,1.0
NLE00152495,NL,NL,Netherlands,LEEUWARDEN,53.2231,5.7517,0.0,0.9998174849425078,1.0,0.9989247311827957,1.0
NLE00152497,NL,NL,Netherlands,DEELEN,52.055,5.8719,50.0,0.9998174849425078,1.0,0.9989247311827957,1.0
NLE00152498,NL,NL,Netherlands,HOOGEVEEN,52.7489,6.5731,16.0,0.9998174849425078,1.0,0.9989247311827957,1.0
NLE00152499,NL,NL,Netherlands,EINDHOVEN,51.4494,5.3767,23.0,0.9998174849425078,1.0,0.9989247311827957,1.0
NLE00152500,NL,NL,Netherlands,TWENTHE,52.2731,6.8906,33.0,0.9995437123562694,0.9961664841182913,0.9956989247311828,0.9741935483870968
NLE00152502,NL,NL,Netherlands,WESTDORPE,51.2244,3.8608,2.0,0.9836649023544443,1.0,0.9655913978494624,1.0
NLM00006235,NL,NL,Netherlands,DEN HELDER-1,52.9331,4.75,0.0,1.0,1.0,1.0,1.0
NLM00006260,NL,NL,Netherlands,DE BILT,52.0989,5.1794,2.0,1.0,1.0,1.0,1.0
NLM00006310,NL,NL,Netherlands,WEST SOUBURG,51.45,3.6,8.0,1.0,1.0,1.0,1.0
NLM00006380,NL,NL,Netherlands,MAASTRICHT,50.9053,5.7617,114.0,1.0,1.0,1.0,1.0
ROE00100829,RO,RO,Romania,ARAD,46.1331,21.35,117.0,0.9998174849425078,0.9835706462212487,0.9978494623655914,0.8
ROE00100900,RO,RO,Romania,BUZAU,45.1331,26.85,97.0,1.0,0.9978094194961665,1.0,0.9866666666666667
ROE00100901,RO,RO,Romania,CALARASI,44.2,27.3331,19.0,1.0,0.9830230010952903,1.0,0.8
ROE00100902,RO,RO,Romania,CLUJ NAPOCA,46.7831,23.5667,410.0,1.0,0.9857612267250822,1.0,0.8266666666666667
ROE00100903,RO,RO,Romania,DROBETA TURNU SEVERIN,44.6331,22.6331,77.0,1.0,0.9830230010952903,1.0,0.8
ROE00108887,RO,RO,Romania,BACAU,46.5331,26.9167,184.0,1.0,0.9824753559693319,1.0,0.8
ROE00108888,RO,RO,Romania,BOTOSANI,47.68,26.67,161.0,1.0,0.9813800657174151,1.0,0.8
ROE00108889,RO,RO,Romania,BUCURESTI-BANEASA,44.5167,26.0831,90.0,0.9998174849425078,0.9879518072289156,0.9978494623655914,0.86
ROE00108890,RO,RO,Romania,CARANSEBES,45.42,22.25,241.0,1.0,0.9945235487404163,1.0,0.9466666666666667
ROE00108891,RO,RO,Romania,CEAHLAU TOACA,46.93,25.92,1897.0,0.9994524548275233,0.9813800657174151,0.9978494623655914,0.8
ROE00108892,RO,RO,Romania,CONSTANTA,44.22,28.63,13.0,1.0,0.9906900328587076,1.0,0.8933333333333333
ROE00108893,RO,RO,Romania,CRAIOVA,44.23,23.87,192.0,1.0,0.984118291347207,1.0,0.82
ROE00108894,RO,RO,Romania,DEVA,45.8667,22.9,230.0,1.0,0.9813800657174151,1.0,0.8
ROE00108895,RO,RO,Romania,GALATI,45.5,28.02,71.0,1.0,0.9983570646221248,1.0,0.9933333333333333
ROE00108896,RO,RO,Romania,IASI,47.1667,27.6331,102.0,0.9996349698850155,0.9928806133625411,0.9977777777777778,0.92
ROE00108897,RO,RO,Romania,MIERCUREA CIUC,46.3667,25.7331,661.0,0.9998174849425078,0.9802847754654983,0.9978494623655914,0.8
ROE00108898,RO,RO,Romania,OCNA SUGATAG,47.7831,23.9331,504.0,0.9610330352254061,0.9819277108433735,0.9333333333333333,0.8
ROE00108899,RO,RO,Romania,RAMNICU VALCEA,45.1,24.37,239.0,1.0,0.9830230010952903,1.0,0.8
ROE00108900,RO,RO,Romania,ROSIORI DE VEDE,44.1,24.9831,102.0,1.0,0.9824753559693319,1.0,0.8
ROE00108901,RO,RO,Romania,SIBIU,45.8,24.15,444.0,1.0,0.9813800657174151,1.0,0.82
ROM00015280,RO,RO,Romania,VARFU OMUL,45.45,25.45,2504.0,0.832633692279613,0.9036144578313253,0.7225806451612903,0.8064516129032258
SIE00105938,SI,SI,Slovenia,KREDARICA,46.3792,13.8539,2514.0,0.9944332907464866,0.8526834611171961,0.9881720430107527,0.7
SP000003195,SP,ES,Spain,MADRID - RETIRO,40.4117,-3.6781,667.0,0.9996349698850155,0.9414019715224534,0.9977777777777778,0.7666666666666667
SP000004452,SP,ES,Spain,BADAJOZ/TALAVERA LA REAL,38.8831,-6.8292,185.0,0.9923343675853258,1.0,0.9009433962264151,1.0
SP000006155,SP,ES,Spain,MALAGA AEROPUERTO,36.6667,-4.4881,7.0,0.9997262274137616,0.9934282584884995,0.9988207547169812,0.9741935483870968
SP000008027,SP,ES,Spain,SAN SEBASTIAN - IGUELDO,43.3075,-2.0392,251.0,0.9971710166088702,0.9983570646221248,0.9669811320754716,0.9933333333333333
SP000008181,SP,ES,Spain,BARCELONA/AEROPUERTO,41.2928,2.0697,4.0,0.9972622741376164,0.9857612267250822,0.9911111111111112,0.9533333333333334
SP000008202,SP,ES,Spain,SALAMANCA AEROPUERTO,40.9592,-5.4981,790.0,0.9892316116079577,1.0,0.8679245283018868,1.0
SP000008215,SP,ES,Spain,NAVACERRADA,40.7806,-4.0103,1894.0,0.9843037050556671,1.0,0.8018867924528302,1.0
SP000008280,SP,ES,Spain,ALBACETE LOS LLANOS,38.9519,-1.8631,704.0,0.994707063332725,1.0,0.9339622641509434,1.0
SP000008410,SP,ES,Spain,CORDOBA AEROPUERTO,37.8442,-4.8458,90.0,0.9890490965504655,0.9972617743702081,0.9009433962264151,0.9866666666666667
SP000008416,SP,ES,Spain,VALENCIA,39.4806,0.3664,11.0,0.9985398795400621,0.9983570646221248,0.9946236559139785,0.9870967741935484
SP000009434,SP,ES,Spain,ZARAGOZA AEROPUERTO,41.6617,-1.0081,247.0,0.9897791567804344,1.0,0.8679245283018868,1.0
SP000009981,SP,ES,Spain,TORTOSA - OBSERVATORIO DEL EBR,40.8206,0.4914,44.0,1.0,1.0,1.0,1.0
SP000060010,SP,ES,Spain,IZANA,28.3089,-16.4992,2371.0,0.9650483664902354,1.0,0.7971698113207547,1.0
SP000060040,SP,ES,Spain,LANZAROTE/AEROPUERTO,28.9517,-13.6003,14.0,0.9964409563789013,0.9934282584884995,0.9849462365591398,0.967741935483871
SP000060338,SP,ES,Spain,MELILLA,35.2778,-2.9553,47.0,0.9990874247125388,0.9961664841182913,0.9944444444444445,0.9866666666666667
SPE00101035,SP,ES,Spain,ALICANTE EL ALTET,38.2828,0.5706,43.0,0.9958021536776784,0.9961664841182913,0.9881720430107527,0.9866666666666667
SPE00101043,SP,ES,Spain,ALICANTE,38.3725,0.4942,81.0,0.9994524548275233,0.9994523548740416,0.9967741935483871,0.9935483870967742
SPE00119711,SP,ES,Spain,A CORUNA,43.3669,-8.4192,58.0,0.9996349698850155,1.0,0.9977777777777778,1.0
SPE00119720,SP,ES,Spain,A CORUNA/ALVEDRO,43.3067,-8.3719,98.0,0.9959846687351707,0.9983570646221248,0.9838709677419355,0.9935483870967742
SPE00119729,SP,ES,Spain,SANTIAGO DE COMPOSTELA/LABACOL,42.8878,-8.4106,370.0,0.9957108961489323,0.9972617743702081,0.9913978494623656,0.9929078014184397
SPE00119747,SP,ES,Spain,VITORIA/FORONDA,42.8717,-2.7331,513.0,0.9998174849425078,0.871303395399781,0.9977777777777778,0.8
SPE00119756,SP,ES,Spain,ALBACETE OBS.,39.0067,-1.8606,674.0,0.9994524548275233,1.0,0.9966666666666667,1.0
SPE00119783,SP,ES,Spain,ALMERIA/AEROPUERTO,36.8464,-2.3567,21.0,0.9979010768388392,0.9989047097480832,0.9944444444444445,0.9935483870967742
SPE00119792,SP,ES,Spain,ASTURIAS/AVILES,43.5667,-6.0442,127.0,0.9855813104581128,0.9923329682365827,0.9591397849462365,0.9666666666666667
SPE00119819,SP,ES,Spain,GIJON MUSEL,43.5606,-5.6983,5.0,0.8395692644643183,0.9983570646221248,0.8096774193548387,0.9870967741935484
SPE00119837,SP,ES,Spain,AVILA,40.6592,-4.68,1130.0,0.9999087424712538,1.0,0.9988888888888889,1.0
SPE00119855,SP,ES,Spain,IBIZA/ESCODOLA,38.8764,1.3842,6.0,0.9968972440226319,0.9961664841182913,0.9911111111111112,0.9806451612903225
SPE00119864,SP,ES,Spain,MENORCA/MAO,39.8544,4.2156,91.0,0.9980835918963314,1.0,0.9944444444444445,1.0
SPE00119882,SP,ES,Spain,PALMA DE MALLORCA CMT,39.5556,2.6264,3.0,0.9989961671837927,0.9983570646221248,0.9956989247311828,0.9929078014184397
SPE00119909,SP,ES,Spain,BURGOS-VILLAFRIA,42.3558,-3.6325,890.0,1.0,1.0,1.0,1.0
SPE00119936,SP,ES,Spain,CADIZ,36.5008,-6.2567,1.0,0.9507209344770944,1.0,0.8924731182795699,1.0
SPE00119945,SP,ES,Spain,JEREZ DE LA FRONTERA,36.7506,-6.0556,27.0,0.9966234714363935,0.9945235487404163,0.99,0.9806451612903225
SPE00119954,SP,ES,Spain,ROTA,36.6389,-6.3317,21.0,0.9989961671837927,1.0,0.9955555555555555,1.0
SPE00119963,SP,ES,Spain,TARIFA,36.0153,-5.5975,32.0,0.9311918233254244,0.9945235487404163,0.8806451612903226,0.98
SPE00119981,SP,ES,Spain,SANTANDER CMT,43.4917,-3.7994,52.0,0.9457017703960576,0.8992332968236583,0.9053763440860215,0.8066666666666666
SPE00119999,SP,ES,Spain,CASTELLON,39.95,0.0714,35.0,1.0,0.9994523548740416,1.0,0.9933333333333333
SPE00120017,SP,ES,Spain,CEUTA,35.89,-5.3456,87.0,0.8387479467056033,0.9983570646221248,0.8064516129032258,0.9933333333333333
SPE00120035,SP,ES,Spain,CIUDAD REAL,38.9892,-3.9194,628.0,0.9999087424712538,0.9989047097480832,0.9989247311827957,0.9929078014184397
SPE00120062,SP,ES,Spain,CUENCA,40.0667,-2.1381,945.0,0.9999087424712538,1.0,0.9989247311827957,1.0
SPE00120080,SP,ES,Spain,GIRONA/COSTA BRAVA,41.9117,2.7631,143.0,0.9777331629859464,0.975355969331873,0.9451612903225807,0.8774193548387097
SPE00120089,SP,ES,Spain,GRANADA/AEROPUERTO,37.1894,-3.7892,567.0,1.0,0.9906900328587076,1.0,0.9032258064516129
SPE00120125,SP,ES,Spain,MOLINA DE ARAGON,40.8442,-1.8853,1056.0,0.9944332907464866,0.9994523548740416,0.9795698924731183,0.9935483870967742
SPE00120143,SP,ES,Spain,HUELVA (RONDA DEL ESTE),37.28,-6.9094,19.0,0.9979010768388392,0.9994523548740416,0.9903225806451613,0.9935483870967742
SPE00120161,SP,ES,Spain,HUESCA,42.0831,0.3264,541.0,0.9599379448804526,1.0,0.932258064516129,1.0
SPE00120170,SP,ES,Spain,JAEN,37.7778,-3.8075,582.0,0.9903267019529112,0.9945235487404163,0.9588888888888889,0.9419354838709677
SPE00120188,SP,ES,Spain,LOGRONO-AGONCILLO,42.4519,-2.3308,353.0,0.9991786822412849,0.9972617743702081,0.9977777777777778,0.9866666666666667
SPE00120197,SP,ES,Spain,FUERTEVENTURA/AEROPUERTO,28.4444,-13.8631,25.0,0.9937944880452637,0.9901423877327492,0.9777777777777777,0.9741935483870968
SPE00120224,SP,ES,Spain,LEON VIRGEN DEL CAMINO,42.5889,-5.6492,916.0,1.0,0.9978094194961665,1.0,0.9870967741935484
SPE00120233,SP,ES,Spain,PONFERRADA,42.5639,-6.6,534.0,1.0,1.0,1.0,1.0
SPE00120242,SP,ES,Spain,LLEIDA,41.6256,0.595,192.0,0.9997262274137616,1.0,0.9977777777777778,1.0
SPE00120260,SP,ES,Spain,LUGO/ROZAS,43.1153,-7.4558,445.0,0.9739916043073553,0.9978094194961665,0.9548387096774194,0.9741935483870968
SPE00120269,SP,ES,Spain,COLMENAR VIEJO/FAMET,40.6983,-3.7642,1004.0,0.9989049096550465,0.9989047097480832,0.9967741935483871,0.9870967741935484
SPE00120278,SP,ES,Spain,MADRID/BARAJAS,40.4667,-3.5556,609.0,0.9994524548275233,0.9994523548740416,0.9978494623655914,0.9935483870967742
SPE00120287,SP,ES,Spain,MADRID/CUATROVIENTOS,40.3778,-3.7892,687.0,0.9997262274137616,1.0,0.9967741935483871,1.0
SPE00120296,SP,ES,Spain,MADRID/GETAFE,40.3,-3.7225,617.0,1.0,1.0,1.0,1.0
SPE00120305,SP,ES,Spain,MADRID/TORREJON,40.4831,-3.4503,611.0,0.9979923343675853,0.9901423877327492,0.9777777777777777,0.9612903225806452
SPE00120323,SP,ES,Spain,MURCIA,38.0028,-1.1692,61.0,1.0,1.0,1.0,1.0
SPE00120332,SP,ES,Spain,MURCIA/ALCANTARILLA,37.9578,-1.2294,85.0,1.0,1.0,1.0,1.0
SPE00120341,SP,ES,Spain,MURCIA/SAN JAVIER,37.7889,0.8031,4.0,0.9970797590801241,1.0,0.9911111111111112,1.0
SPE00120350,SP,ES,Spain,PAMPLONA (OBSERVATORIO),42.8175,-1.6364,442.0,0.9719839386749407,0.9567360350492881,0.9244444444444444,0.7730496453900709
SPE00120359,SP,ES,Spain,PAMPLONA,42.7767,-1.65,459.0,0.9935207154590253,0.9956188389923329,0.9698924731182795,0.9866666666666667
SPE00120368,SP,ES,Spain,OURENSE,42.3278,-7.8603,143.0,1.0,0.9605695509309967,1.0,0.8
SPE00120395,SP,ES,Spain,PONTEVEDRA,42.44,-8.6164,108.0,0.9997262274137616,0.9989047097480832,0.9978494623655914,0.9935483870967742
SPE00120413,SP,ES,Spain,VIGO PEINADOR,42.2392,-8.6239,261.0,0.9959846687351707,0.9945235487404163,0.9922222222222222,0.98
SPE00120422,SP,ES,Spain,SALAMANCA OBS.,40.9564,-5.6614,775.0,0.9659609417776966,0.9994523548740416,0.932258064516129,0.9935483870967742
SPE00120431,SP,ES,Spain,HIERRO/AEROPUERTO,27.8189,-17.8889,32.0,0.9970797590801241,0.9945235487404163,0.9935483870967742,0.9483870967741935
SPE00120449,SP,ES,Spain,LA PALMA/AEROPUERTO,28.6331,-17.755,33.0,0.9859463405730973,0.9983570646221248,0.964516129032258,0.9935483870967742
SPE00120458,SP,ES,Spain,STA. CRUZ DE TENERIFE,28.4631,-16.2553,35.0,0.9995437123562694,0.9972617743702081,0.9977777777777778,0.9733333333333334
SPE00120467,SP,ES,Spain,TENERIFE/LOS RODEOS,28.4775,-16.3292,632.0,0.9927906552290564,0.9890470974808324,0.9698924731182795,0.9483870967741935
SPE00120476,SP,ES,Spain,TENERIFE/SUR,28.0475,-16.5606,64.0,0.988045263734258,0.9852135815991238,0.98,0.9354838709677419
SPE00120485,SP,ES,Spain,SEGOVIA,40.9478,-4.1269,1005.0,0.9999087424712538,1.0,0.9989247311827957,1.0
SPE00120503,SP,ES,Spain,MORON DE LA FRONTERA,37.1581,-5.6156,87.0,0.9993611972987771,0.9994523548740416,0.9976415094339622,0.9933333333333333
SPE00120512,SP,ES,Spain,SEVILLA/SAN PABLO,37.4167,-5.8792,34.0,0.9981748494250776,0.9912376779846659,0.9911111111111112,0.9612903225806452
SPE00120521,SP,ES,Spain,SORIA,41.775,-2.4831,1082.0,0.9945245482752327,1.0,0.9688172043010753,1.0
SPE00120530,SP,ES,Spain,REUS/AEROPUERTO,41.1494,1.1789,71.0,0.982752327066983,0.9989047097480832,0.9387096774193548,0.9933333333333333
SPE00120557,SP,ES,Spain,TERUEL,40.3494,-1.1167,900.0,0.9999087424712538,1.0,0.9988888888888889,1.0
SPE00120566,SP,ES,Spain,TOLEDO,39.8844,-4.0492,515.0,0.9993611972987771,0.9906900328587076,0.9967741935483871,0.9483870967741935
SPE00120584,SP,ES,Spain,VALENCIA/AEROPUERTO,39.4867,0.4731,69.0,0.9963496988501551,0.9989047097480832,0.989247311827957,0.9935483870967742
SPE00120593,SP,ES,Spain,VALLADOLID,41.65,-4.7667,735.0,0.9998174849425078,1.0,0.9978494623655914,1.0
SPE00120602,SP,ES,Spain,VALLADOLID (VILLANUBLA),41.7,-4.85,846.0,0.9994524548275233,0.9978094194961665,0.9977777777777778,0.9806451612903225
SPE00120611,SP,ES,Spain,BILBAO AEROPUERTO,43.2981,-2.9056,42.0,0.9933382004015331,1.0,0.9666666666666667,1.0
SPE00120620,SP,ES,Spain,ZAMORA,41.5167,-5.7333,656.0,0.9996349698850155,0.9983570646221248,0.9978494623655914,0.9806451612903225
SPE00120629,SP,ES,Spain,DAROCA,41.1144,-1.4106,779.0,1.0,0.9972617743702081,1.0,0.967741935483871
SW000002361,SW,SE,Sweden,HARNOSAND,62.6331,17.9331,15.0,1.0,1.0,1.0,1.0
SW000002550,SW,SE,Sweden,JONKOPINGS_FLYGPLATS,57.75,14.07,226.0,1.0,1.0,1.0,1.0
SW000002590,SW,SE,Sweden,VISBY_FLYGPLATS,57.66,18.34,42.0,0.9999087424712538,1.0,0.9989247311827957,1.0
SW000008525,SW,SE,Sweden,LINKOEPING-MALMSLAETT,58.4,15.5331,93.0,1.0,1.0,1.0,1.0
SW000010537,SW,SE,Sweden,FALUN,60.6167,15.6167,160.0,0.987223945975543,1.0,0.9666666666666667,1.0
SWE00115961,SW,SE,Sweden,SUNDSVALLS FLYGPLATS,62.5244,17.4408,4.0,1.0,1.0,1.0,1.0
SWE00135352,SW,SE,Sweden,KALMAR_FLYGPLATS,56.68,16.29,6.0,0.8322686621646286,1.0,0.8225806451612904,1.0
SWE00136141,SW,SE,Sweden,KARLSTAD-AIRPORT,59.4444,13.3375,107.0,1.0,1.0,1.0,1.0
SWE00136744,SW,SE,Sweden,SYLARNA,63.04,12.28,1030.0,0.9603029749954372,0.9403066812705367,0.8956989247311828,0.8
SWE00137494,SW,SE,Sweden,FALSTERBO,55.38,12.82,5.0,1.0,1.0,1.0,1.0
SWE00137534,SW,SE,Sweden,MALMO A,55.5714,13.0731,20.0,0.994707063332725,0.9928806133625411,0.9669811320754716,0.9161290322580645
SWE00137628,SW,SE,Sweden,HANO_A,56.01,14.85,55.0,0.9989961671837927,1.0,0.9877777777777778,1.0
SWE00137686,SW,SE,Sweden,KARLSHAMN,56.18,14.85,50.0,1.0,1.0,1.0,1.0
SWE00137692,SW,SE,Sweden,OLANDS SODRA UDDE,56.2,16.3997,2.0,0.992516882642818,1.0,0.9731182795698925,1.0
SWE00137724,SW,SE,Sweden,RONNEBY-BREDAKRA,56.26,15.27,58.0,1.0,1.0,1.0,1.0
SWE00137732,SW,SE,Sweden,BARKAKRA,56.29,12.85,20.0,0.8248768023361928,0.9901423877327492,0.7774193548387097,0.94
SWE00137750,SW,SE,Sweden,OSBY,56.38,13.98,90.0,0.9780069355721847,1.0,0.943010752688172,1.0
SWE00137910,SW,SE,Sweden,HOBURG,56.92,18.1664,38.0,1.0,1.0,1.0,1.0
SWE00137974,SW,SE,Sweden,VARBERG,57.11,12.27,20.0,1.0,1.0,1.0,1.0
SWE00138020,SW,SE,Sweden,HEMSE,57.24,18.38,25.0,0.9954371235626939,0.9791894852135816,0.9566666666666667,0.8
SWE00138028,SW,SE,Sweden,OSKARSHAMN,57.27,16.41,20.0,0.9724402263186713,1.0,0.9419354838709677,1.0
SWE00138034,SW,SE,Sweden,HAGSHULTS_FLYGPLATS,57.29,14.14,169.0,0.9502646468333638,0.9457831325301205,0.8774193548387097,0.8
SWE00138058,SW,SE,Sweden,OLANDS NORRA UDDE,57.37,17.1,4.0,1.0,1.0,1.0,1.0
SWE00138198,SW,SE,Sweden,GOTEBORG A,57.7158,11.9942,5.0,0.9607592626391678,1.0,0.9333333333333333,1.0
SWE00138216,SW,SE,Sweden,PRASTKULLA,57.72,14.99,290.0,0.9982661069538237,1.0,0.9788888888888889,1.0
SWE00138226,SW,SE,Sweden,BORAS,57.76,12.95,135.0,1.0,1.0,1.0,1.0
SWE00138258,SW,SE,Sweden,RAMSJOHOLM,57.84,14.43,225.0,0.9856725679868589,1.0,0.9655913978494624,1.0
SWE00138338,SW,SE,Sweden,MALEXANDER,58.07,15.24,195.0,0.9979923343675853,1.0,0.978494623655914,1.0
SWE00138386,SW,SE,Sweden,GENDALEN,58.16,12.65,90.0,1.0,1.0,1.0,1.0
SWE00138464,SW,SE,Sweden,VANERSBORG,58.36,12.36,50.0,1.0,1.0,1.0,1.0
SWE00138486,SW,SE,Sweden,SKOVDE,58.39,13.84,150.0,0.9998174849425078,1.0,0.9989247311827957,1.0
SWE00138508,SW,SE,Sweden,SATENAS,58.4356,12.7075,54.0,1.0,1.0,1.0,1.0
SWE00138530,SW,SE,Sweden,KARLSBORG_MO,58.52,14.51,95.0,0.965504654133966,1.0,0.9172043010752688,1.0
SWE00138594,SW,SE,Sweden,OXELOSUND,58.68,17.12,10.0,0.9961671837926629,1.0,0.9811111111111112,1.0
SWE00138606,SW,SE,Sweden,MARIESTAD,58.71,13.82,50.0,0.9983573644825698,1.0,0.9806451612903225,1.0
SWE00138618,SW,SE,Sweden,LANDSORT,58.74,17.87,18.0,1.0,1.0,1.0,1.0
SWE00138674,SW,SE,Sweden,NORDKOSTER A,58.8925,11.0058,33.0,0.9944332907464866,1.0,0.9763440860215054,1.0
SWE00138742,SW,SE,Sweden,FLODA_A,59.06,16.3997,19.0,0.8343675853257894,1.0,0.8193548387096774,1.0
SWE00138746,SW,SE,Sweden,HARSFJARDEN,59.07,18.12,4.0,0.8410293849242563,0.9654983570646222,0.8118279569892473,0.82
SWE00138756,SW,SE,Sweden,ATORP,59.1,14.37,105.0,0.997718561781347,0.9945235487404163,0.986021505376344,0.9354838709677419
SWE00138778,SW,SE,Sweden,SAFFLE,59.14,12.94,50.0,0.9971710166088702,1.0,0.9666666666666667,1.0
SWE00138796,SW,SE,Sweden,TULLINGE A,59.1789,17.9125,45.0,0.8289833911297682,1.0,0.8088888888888889,1.0
SWE00138798,SW,SE,Sweden,SODERTALJE,59.19,17.63,40.0,0.9927906552290564,1.0,0.9666666666666667,1.0
SWE00138860,SW,SE,Sweden,STAVSNAS_A,59.3,18.71,16.0,0.9693374703413031,0.9846659364731654,0.956989247311828,0.8193548387096774
SWE00138864,SW,SE,Sweden,KRISTINEHAMN,59.31,14.1,82.0,0.9975360467238548,1.0,0.9788888888888889,1.0
SWE00138894,SW,SE,Sweden,STOCKHOLM-BROMMA,59.3533,17.9514,14.0,0.9990874247125388,1.0,0.9888888888888889,1.0
SWE00138914,SW,SE,Sweden,ESKILSTUNA_MO,59.38,16.45,15.0,0.8316298594634057,1.0,0.8,1.0
SWE00139028,SW,SE,Sweden,VASTERAS-HASSLO,59.59,16.63,10.0,0.909198758897609,0.9857612267250822,0.8827956989247312,0.8266666666666667
SWE00139112,SW,SE,Sweden,SODERARM,59.75,19.41,15.0,0.992425625114072,0.9928806133625411,0.9655913978494624,0.9133333333333333
SWE00139148,SW,SE,Sweden,UPPSALA_AUT,59.86,17.63,13.0,1.0,1.0,1.0,1.0
SWE00139156,SW,SE,Sweden,SUNNE_A,59.86,13.12,110.0,0.846869866764008,1.0,0.8333333333333334,1.0
SWE00139172,SW,SE,Sweden,UPPSALA_FLYGPLATS,59.9,17.59,21.0,0.9988136521263005,1.0,0.9924731182795699,1.0
SWE00139178,SW,SE,Sweden,SALA,59.9,16.66,60.0,0.990235444424165,1.0,0.9086021505376344,1.0
SWE00139186,SW,SE,Sweden,STALLDALEN,59.95,14.95,205.0,0.9755429822960394,0.9726177437020811,0.932258064516129,0.8
SWE00139250,SW,SE,Sweden,BROVALLEN,60.1,16.3097,100.0,1.0,1.0,1.0,1.0
SWE00139272,SW,SE,Sweden,AVESTA,60.14,16.17,100.0,0.9999087424712538,1.0,0.9988207547169812,1.0
SWE00139276,SW,SE,Sweden,GUSTAVSFORS,60.15,13.8,190.0,0.9950720934477094,1.0,0.953763440860215,1.0
SWE00139348,SW,SE,Sweden,SPANSBERGET,60.38,15.14,495.0,0.8389304617630955,0.9994523548740416,0.8075268817204301,0.9935483870967742
SWE00139362,SW,SE,Sweden,BORLANGE FLYGPLATS,60.4292,15.5078,152.0,0.9191458295309363,1.0,0.8924731182795699,1.0
SWE00139396,SW,SE,Sweden,ORSKAR_A,60.53,18.38,8.0,0.9940682606315021,1.0,0.9666666666666667,1.0
SWE00139458,SW,SE,Sweden,LEKSAND,60.73,15.02,175.0,0.963953276145282,0.9529025191675794,0.9387096774193548,0.7483870967741936
SWE00139462,SW,SE,Sweden,EGGEGRUND,60.73,17.57,5.0,0.8311735718196751,1.0,0.8,1.0
SWE00139498,SW,SE,Sweden,HOLJES,60.91,12.58,230.0,0.9995437123562694,1.0,0.9967741935483871,1.0
SWE00139520,SW,SE,Sweden,MORA_A,60.96,14.51,196.0,0.9778244205146924,1.0,0.9666666666666667,1.0
SWE00139660,SW,SE,Sweden,HAMRA,61.66,14.99,454.0,0.9930644278152948,1.0,0.9709677419354839,1.0
SWE00139676,SW,SE,Sweden,HUDIKSVALL,61.73,17.1,10.0,0.9996349698850155,1.0,0.9977777777777778,1.0
SWE00139764,SW,SE,Sweden,YTTERHOGDAL,62.18,14.95,260.0,0.9562876437306078,1.0,0.9266666666666666,1.0
SWE00139774,SW,SE,Sweden,BRAMON,62.22,17.7397,17.0,0.993246942872787,1.0,0.9634408602150538,1.0
SWE00139842,SW,SE,Sweden,LJUSNEDAL,62.55,12.6,585.0,0.992516882642818,0.9824753559693319,0.978494623655914,0.9133333333333333
SWE00139868,SW,SE,Sweden,LUNGO,62.64,18.09,17.0,0.9649571089614893,1.0,0.9477777777777778,1.0
SWE00139950,SW,SE,Sweden,HOGLEKARDALEN,63.08,13.75,592.0,0.9996349698850155,0.9824753559693319,0.9956989247311828,0.8
SWE00139968,SW,SE,Sweden,KRANGEDE_A,63.16,16.17,183.0,0.992425625114072,0.9939759036144579,0.9666666666666667,0.9354838709677419
SWE00140028,SW,SE,Sweden,MORSIL,63.32,13.65,400.0,0.9966234714363935,0.9967141292442497,0.9817204301075269,0.9612903225806452
SWE00140174,SW,SE,Sweden,UMEA_FLYGPLATS,63.79,20.29,14.0,0.996988501551378,0.9989047097480832,0.9827956989247312,0.9870967741935484
SWE00140228,SW,SE,Sweden,EDEVIK,63.98,12.87,425.0,0.9951633509764556,1.0,0.9666666666666667,1.0
SWE00140230,SW,SE,Sweden,ALMDALEN,64.0,14.67,615.0,0.9941595181602482,1.0,0.9766666666666667,1.0
SWE00140260,SW,SE,Sweden,VINDELN-SUNNANSJONAS,64.2,19.72,237.0,0.9877714911480198,0.9496166484118291,0.953763440860215,0.8
SWE00140262,SW,SE,Sweden,ASELE,64.16,17.37,310.0,0.9946158058039788,0.9928806133625411,0.9344444444444444,0.9548387096774194
SWE00140352,SW,SE,Sweden,LYCKSELE_A,64.55,18.72,210.0,0.9945245482752327,0.9994523548740416,0.9666666666666667,0.9935483870967742
SWE00140390,SW,SE,Sweden,JORMLIEN,64.73,13.96,360.0,0.9890490965504655,0.9994523548740416,0.9161290322580645,0.9935483870967742
SWE00140474,SW,SE,Sweden,MALA,65.19,18.75,320.0,0.9884102938492426,1.0,0.9666666666666667,1.0
SWE00140492,SW,SE,Sweden,PITEA,65.3197,21.49,9.0,0.9788282533308998,0.9994523548740416,0.9602150537634409,0.9935483870967742
SWE00140494,SW,SE,Sweden,GLOMMERSTRASK,65.28,19.67,395.0,0.9332907464865852,1.0,0.9327830188679245,1.0
SWE00140554,SW,SE,Sweden,LULEA FLYGPLATS,65.5431,22.1192,17.0,1.0,1.0,1.0,1.0
SWE00140562,SW,SE,Sweden,ARVIDSJAUR_A,65.5997,19.27,382.0,0.8174849425077569,1.0,0.7709677419354839,1.0
SWE00140580,SW,SE,Sweden,ALVSBYN_A,65.67,21.07,40.0,0.9227961306807811,0.9917853231106243,0.8870967741935484,0.9
SWE00140634,SW,SE,Sweden,VIDSEL,65.8797,20.13,180.0,0.9728052564336558,1.0,0.8588888888888889,1.0
SWE00140664,SW,SE,Sweden,ABRAUR,65.9897,18.92,370.0,0.9304617630954554,0.9824753559693319,0.8822222222222222,0.8
SWE00140670,SW,SE,Sweden,ARJEPLOG A,66.0522,17.8431,431.0,0.9888665814929731,0.9956188389923329,0.9666666666666667,0.9548387096774194
SWE00140712,SW,SE,Sweden,OVERTORNEA,66.3797,23.65,70.0,0.8215915313013323,0.9227820372398685,0.7150537634408602,0.7419354838709677
SWE00140714,SW,SE,Sweden,JACKVIK,66.3797,17.0,430.0,0.9930644278152948,1.0,0.9666666666666667,1.0
SWE00140760,SW,SE,Sweden,MIERKENIS_A,66.68,16.11,614.0,0.8744296404453368,0.9824753559693319,0.8182795698924731,0.8439716312056738
SWE00140772,SW,SE,Sweden,NATTAVAARA_A,66.75,20.93,327.0,0.8045263734258077,0.9994523548740416,0.7358490566037735,0.9935483870967742
SWE00140828,SW,SE,Sweden,GALLIVARE_A,67.14,20.65,359.0,0.8334550100383281,1.0,0.8244444444444444,1.0
SWE00140888,SW,SE,Sweden,RITSEM,67.73,17.4697,521.0,0.9980835918963314,0.9945235487404163,0.9774193548387097,0.9419354838709677
SWE00140904,SW,SE,Sweden,KIRUNA_FLYGPLATS,67.83,20.34,459.0,0.9254425990144187,0.9961664841182913,0.9075268817204301,0.9548387096774194
SWE00140910,SW,SE,Sweden,NIKKALUOKTA_A,67.8497,19.03,466.0,0.9871326884467969,0.9934282584884995,0.9623655913978495,0.9548387096774194
SWE00140944,SW,SE,Sweden,ABISKO,68.36,18.82,388.0,0.9997262274137616,1.0,0.9978494623655914,1.0
SWE00140960,SW,SE,Sweden,NAIMAKKA,68.68,21.53,403.0,0.9788282533308998,0.9994523548740416,0.92,0.9935483870967742
SWM00002485,SW,SE,Sweden,STOCKHOLM,59.35,18.05,44.0,1.0,0.8192771084337349,1.0,0.7032258064516129
